0 3346 -718.39468561949286 40118.505520438775 |[[-0.67577951  0.80540928  0.34593495]]|
1 3876 -15.666920652179837 1613.3924340042286 |[[-0.61927156  0.88900652  0.07499222]]|
2 3894 -278.19589622279904 3.0326410047709942 |[[-0.56928268  0.79139057 -0.03287875]]|
3 3912 -337.10154304817883 242.61628403514624 |[[-0.69831639  0.79763922 -0.03351674]]|
4 3930 -276.93844388666486 128.32750020176172 |[[-0.3188321   0.83277429 -0.05545343]]|
5 3948 -270.39883397401815 1064.8172033727169 |[[-0.58375306  0.67629732 -0.05643236]]|
6 3966 -250.31043416227266 197.78815547376871 |[[-0.6664728   0.75415069 -0.00660428]]|
7 3984 -236.23124582186085 436.6990682631731 |[[-0.61166168  0.8853624  -0.04787192]]|
8 4002 -150.74075067672231 462.78968929499388 |[[-0.49777626  0.69344814 -0.00963823]]|
9 4026 -182.25978324222578 178.12141638994217 |[[-0.6067205   0.80987583  0.1727504 ]]|
10 4188 35.997264496335298 3694.1218905355781 |[[-0.47186238  0.80169828  0.09356094]]|
11 4241 -173.51390878810378 1444.2741746380925 |[[-0.6025842   0.84168574  0.04753138]]|
12 4269 -190.2608437952137 1815.7814643979073 |[[-0.66592487  0.82150063  0.03656496]]|
13 4336 -152.88809862892046 4602.1350409165025 |[[-0.63291311  0.84604419 -0.01539892]]|
14 4541 -72.081619713399746 2862.6716802455485 |[[-0.61798019  0.84425436  0.12085117]]|
15 4690 -92.432600839871697 1960.7356056794524 |[[-0.63335444  0.82162882  0.18196524]]|
16 4853 -114.90603620041026 2626.5577689632773 |[[-0.57611143  0.80662936  0.36711102]]|
17 4930 5.0683152997067227 1190.6015751063824 |[[-0.58093332  0.80356255  0.12014364]]|
18 5251 -94.477640419209507 4993.0785018801689 |[[-0.68805818  0.83123876  0.47678016]]|
19 15251 -99.747966888273908 54590.912070070859 |[[ 1.  1.  1.]]|
20 25251 12135.592036142101 26948.197053879499 |[[  1.00000000e+00   1.00000000e+00   3.79807898e-06]]|
21 35251 13002.397769981384 24347.365252277814 |[[  1.00000000e+00   1.00000000e+00   1.42921635e-07]]|
22 36233 1409.8376173118302 2676.1743676774204 |[[ -9.99496341e-01   1.00000000e+00   1.17795127e-04]]|
23 37758 41.06249432759671 6357.9916350860149 |[[-0.99999988  1.          1.        ]]|
24 47758 55.544587091643912 40769.412101594731 |[[-0.99999994  1.          0.99978215]]|
25 49754 69.24859610145063 6560.5649943463504 |[[-0.99999994  1.          1.        ]]|
26 53203 26.114769026625172 10096.877302410081 |[[-0.99999958  1.          1.        ]]|
27 58856 98.314886796496253 8232.7782288771123 |[[ 1.  1.  1.]]|
28 68856 6639.2377762717351 11457.038922632113 |[[  9.99935210e-01   1.00000000e+00   2.12887007e-05]]|
29 78856 12205.032400746457 10631.95265568234 |[[  9.99979734e-01   1.00000000e+00   4.74709232e-04]]|
30 83317 5898.0871229733129 6102.9388902708888 |[[-0.03785252  1.          0.07325086]]|
31 83673 190.26276942921726 345.87143965438008 |[[ 0.99916911  1.          0.032325  ]]|
32 86286 4667.6442367419759 5480.598273769021 |[[ 0.71685934  1.          0.02265767]]|
33 88213 12600.487763088957 10944.073981009424 |[[-0.56809443  1.          0.00265949]]|
34 88291 36.294278768374276 361.34740179777145 |[[-0.99657887  1.          0.01401338]]|
35 88368 -310.99908140629469 314.00042472779751 |[[  1.00000000e+00   1.00000000e+00   8.43307379e-09]]|
36 88414 -148.03425079277355 867.77822370827198 |[[  9.62173522e-01   1.00000000e+00   1.27448138e-05]]|
37 88480 -116.69820268736689 613.40620972216129 |[[  9.95375335e-01   1.00000000e+00   4.33683490e-05]]|
38 88557 -376.53925081599306 1070.2367792725563 |[[ 0.99194586  1.          0.95497793]]|
39 88631 -699.21726345502293 2116.6183276176453 |[[-0.81144845  1.          0.00105179]]|
40 88653 -8.5830956644827374 366.26433229446411 |[[-0.49763399  1.          0.16274244]]|
41 88717 -115.93218991302541 1036.948981821537 |[[ 0.17617545  1.          0.0013197 ]]|
42 88789 -785.90081463221759 1713.749523639679 |[[  9.17745948e-01   1.00000000e+00   1.38603078e-04]]|
43 88858 -78.092082005086382 1233.4190429747105 |[[  9.94433582e-01   1.00000000e+00   8.32481383e-05]]|
44 88973 -159.06562497634295 1491.9362823367119 |[[-0.99971956  1.          0.05636062]]|
45 89187 53.916988598317388 4788.8506086096168 |[[ 0.97394019  1.          0.02503758]]|
46 89205 108.68574054529195 962.51511788368225 |[[ 0.95311898  1.          0.02735371]]|
47 89339 141.48640467411653 1508.1025114357471 |[[ 0.82318288  1.          0.03011174]]|
48 89552 87.171345979624903 4155.584008961916 |[[-0.99059844  1.          0.16045734]]|
49 89697 143.33413110642383 2260.9513378590345 |[[-0.98873085  1.          0.21278942]]|
50 89797 229.7425284669753 1437.9113476872444 |[[-0.97919744  1.          0.01746609]]|
51 89946 328.95815216317402 3223.1166278719902 |[[ 0.67138529  1.          0.11932743]]|
52 94620 329.30580227220094 90727.391415566206 |[[ 1.  1.  1.]]|
53 95342 -97.03745300648589 23119.237050831318 |[[-0.99289531  1.          0.19149816]]|
54 95468 -47.339095645962679 5207.8406833410263 |[[-0.98951173  1.          0.22500354]]|
55 95604 -3.793976297706632 3253.5703836679459 |[[-0.97738367  1.          0.202472  ]]|
56 95748 -51.036270328530534 3540.7969877719879 |[[-0.99323207  1.          0.20228392]]|
57 95924 -49.411524991499064 5111.5985592603683 |[[-0.99943596  1.          0.50704294]]|
58 96111 -46.54224952383376 4156.4649937748909 |[[-0.99857503  1.          0.26644287]]|
59 96264 -45.101308676854188 5008.5174240469933 |[[-0.99935234  1.          0.29946291]]|
60 96446 -46.986455158893094 6229.9435908794403 |[[-0.99874288  1.          0.39083236]]|
61 96798 -49.347110058968788 9530.1893736869097 |[[-0.9961701   1.          0.25528374]]|
62 97679 -70.411519287082982 27311.396553635597 |[[-0.99491537  1.          0.15700038]]|
63 97913 -33.887032598568048 8578.0305622816086 |[[-0.99973989  1.          0.1813034 ]]|
64 98390 -43.409175061927321 17974.941999793053 |[[-0.99210763  1.          0.16846088]]|
65 98502 -45.682948711064896 3503.309149980545 |[[-0.99800551  1.          0.44503671]]|
66 101403 -206.82006874287393 113857.57425832748 |[[ 1.  1.  1.]]|
67 111375 760.34247719218126 603938.1404260993 |[[ 0.99405563  1.          0.03685661]]|
68 111553 2122.2612720541692 19938.702099204063 |[[ 0.96271157  1.          0.04519747]]|
69 111877 3954.2472691983307 30828.24985909462 |[[ 0.97909158  1.          0.01292353]]|
70 111950 993.77265665458424 6626.4416086673737 |[[-0.99929345  1.          0.00270931]]|
71 112129 1732.7583677953851 40054.170125961304 |[[ 0.99656093  1.          0.0488585 ]]|
72 112216 1225.3526487960564 10902.050038099289 |[[ 0.99986273  1.          0.10479537]]|
73 112236 287.00288033297386 1512.4513187408447 |[[-0.99971926  1.          0.00271969]]|
74 112315 1204.6494873356917 28188.327511787415 |[[ 0.9787187   1.          0.03401711]]|
75 112345 270.94083689044453 4893.7207827568054 |[[-0.99667072  1.          0.00452895]]|
76 112703 4573.2040625752688 63366.935970544815 |[[ 0.99958545  1.          0.00864911]]|
77 113446 10703.402839803461 143312.58075118065 |[[ 0.99341327  1.          0.1084659 ]]|
78 114240 11643.542311060413 119793.42940819263 |[[ 0.80797029  1.          0.08362068]]|
79 114342 1458.7357660788571 28717.219211578369 |[[ -9.99806643e-01   1.00000000e+00   7.16150156e-04]]|
80 115128 12211.920369874253 179526.47411513329 |[[ 0.99611866  1.          0.13533743]]|
81 115145 229.56621609353269 1787.5638952255249 |[[-0.98967588  1.          0.02431919]]|
82 115545 5653.498698311605 109016.51783132553 |[[ 0.59467793  1.          0.08986263]]|
83 116353 12628.413890679458 151399.22227144241 |[[ 0.24989983  1.          0.09231398]]|
84 116774 7055.1986585641744 69700.617164850235 |[[-0.7305764   1.          0.11858907]]|
85 116960 3238.4718665516311 45854.696462154388 |[[-0.7609939   1.          0.06866007]]|
86 118074 20627.0505258597 353875.4750585556 |[[ 0.98772347  1.          0.11145081]]|
87 118151 1024.7815919074505 8352.7973432540894 |[[-0.80873424  1.          0.06971474]]|
88 119235 16862.816526265342 379814.45026040077 |[[-0.99921352  1.          0.31193212]]|
89 129235 233364.95639204019 4483619.648601532 |[[ 0.99880719  1.          0.43530968]]|
90 136314 184254.46382201542 4408958.109120369 |[[ 1.        1.        0.240225]]|
91 137706 36810.870410400516 1179887.9896497726 |[[-1.          1.          0.48350006]]|
92 138559 24037.176032516105 631722.18523025513 |[[ 1.          1.          0.53202564]]|
93 139235 20220.124037922931 532378.06720161438 |[[ 1.          1.          0.06237658]]|
94 142879 107753.38874199195 2469482.0205230713 |[[ 1.         1.         0.1420538]]|
95 144851 59128.216890075928 2027516.3953666687 |[[ 1.          1.          0.88725966]]|
96 154851 61903.339662613915 12601664.00557518 |[[-1.          1.          0.99999952]]|
97 158028 94225.165031575263 4046166.8609352112 |[[ 0.99999988  1.          0.1459018 ]]|
98 168028 219755.29323869961 13706557.314990997 |[[-1.          1.          0.02436647]]|
99 169297 60174.521268797165 1113902.7303619385 |[[ 1.          1.          0.00278082]]|
100 169904 36830.191599982107 531284.6418838501 |[[ 1.          1.          0.04034337]]|
101 170421 32523.937435016691 486551.35177612305 |[[ 1.          1.          0.02846277]]|
102 170924 32819.252414614391 613603.44510650635 |[[ 1.          1.          0.00187912]]|
103 171285 23525.555326464662 374798.88648223877 |[[ 1.          1.          0.76719177]]|
104 171779 31598.679766451081 578313.21382904053 |[[  1.00000000e+00   1.00000000e+00   7.40840136e-08]]|
105 171970 11679.655039725483 404415.7395324707 |[[-0.99978518  1.          0.55501288]]|
106 172125 9372.4518827824468 318471.6897354126 |[[ 0.9685567   1.          0.19237407]]|
107 172251 6920.1299626215632 206974.21578216553 |[[-0.08480942  1.          0.22747859]]|
108 172434 11536.597933729407 284094.27871704102 |[[-1.          1.          0.24235225]]|
109 172612 11145.909541484903 200841.21491241455 |[[-0.99996591  1.          0.00180228]]|
110 172769 9469.7648912965778 307793.04655456543 |[[-0.99999815  1.          0.01022117]]|
111 172885 6306.1446177597618 142529.17010498047 |[[  1.00000000e+00   1.00000000e+00   4.34917501e-06]]|
112 172981 5549.0604752460022 237674.28869628906 |[[  1.00000000e+00   1.00000000e+00   1.93157075e-06]]|
113 173063 4118.4369868534313 89623.414909362793 |[[  1.00000000e+00   1.00000000e+00   1.70771023e-06]]|
114 173321 15623.461989194409 1028304.0975952148 |[[ -1.00000000e+00   1.00000000e+00   2.61300447e-05]]|
115 173598 15533.350202653248 697744.19319152832 |[[ -1.00000000e+00   1.00000000e+00   1.36546427e-04]]|
116 173682 4037.3777403903869 124050.92470550537 |[[ -1.00000000e+00   1.00000000e+00   5.33507264e-05]]|
117 174043 20770.943225809897 712486.45087432861 |[[  9.99999762e-01   1.00000000e+00   5.16148134e-07]]|
118 174155 5629.5513690767511 271727.45721435547 |[[  1.00000000e+00   1.00000000e+00   9.20661387e-06]]|
119 174653 33560.13370451572 1177296.0928955078 |[[ -1.00000000e+00   1.00000000e+00   6.05059395e-05]]|
120 174738 4380.7146631131191 485477.64541625977 |[[ -1.00000000e+00   1.00000000e+00   4.37367889e-05]]|
121 174832 4477.8852604419117 125925.8528137207 |[[ -1.00000000e+00   1.00000000e+00   8.63927289e-06]]|
122 175178 20553.194703320787 1032028.2611999512 |[[  1.00000000e+00   1.00000000e+00   1.89010805e-07]]|
123 175259 3749.5686921974789 517427.92541503906 |[[  1.00000000e+00   1.00000000e+00   1.15508089e-06]]|
124 175355 4169.1144761324149 428787.34756469727 |[[ -1.00000000e+00   1.00000000e+00   2.72561192e-05]]|
125 175434 4127.9400902512652 419907.82118225098 |[[ -1.00000000e+00   1.00000000e+00   4.98578702e-05]]|
126 175529 4404.839343056733 148316.54750061035 |[[ -1.00000000e+00   1.00000000e+00   2.56373660e-05]]|
127 175626 4242.8108123432812 254037.70518493652 |[[ -1.00000000e+00   1.00000000e+00   1.12515027e-05]]|
128 175765 6715.3938965154075 413363.68464660645 |[[  1.00000000e+00   1.00000000e+00   9.46225668e-07]]|
129 176020 14297.918957140453 696873.64120483398 |[[ -1.00000000e+00   1.00000000e+00   1.15620014e-05]]|
130 176099 3990.938844955132 169987.22909545898 |[[  1.00000000e+00   1.00000000e+00   4.76543448e-07]]|
131 176443 20166.315459386456 1108085.7426757812 |[[  1.00000000e+00   1.00000000e+00   4.40742838e-07]]|
132 176526 4095.4275254798772 310968.00954437256 |[[  1.00000000e+00   1.00000000e+00   5.96084988e-07]]|
133 176604 3920.9777881404657 90366.526062011719 |[[ -9.99998450e-01   1.00000000e+00   2.43465752e-06]]|
134 176955 21347.586082927348 1486375.7014007568 |[[  1.00000000e+00   1.00000000e+00   6.29384758e-08]]|
135 177078 6940.620314179655 780667.34074401855 |[[ -1.00000000e+00   1.00000000e+00   4.59657855e-07]]|
136 177158 3929.3191455522483 127344.86791992188 |[[ -1.00000000e+00   1.00000000e+00   2.99089425e-05]]|
137 177347 10738.822571449145 658598.34364318848 |[[-1.          1.          0.06700079]]|
138 177849 32098.103755374806 1831682.1307525635 |[[ -1.00000000e+00   1.00000000e+00   7.68553036e-07]]|
139 178344 32791.676998377887 1583714.424621582 |[[ -9.99998868e-01   1.00000000e+00   3.68885048e-06]]|
140 178607 16726.672011386669 799564.36454772949 |[[  1.00000000e+00   1.00000000e+00   6.35896731e-06]]|
141 178955 21640.087306797948 2010080.3027801514 |[[ -2.27706611e-01   1.00000000e+00   2.28289332e-06]]|
142 179086 7898.3855381043413 464152.57302856445 |[[  1.00000000e+00   1.00000000e+00   2.04231057e-07]]|
143 179166 4670.3254942802096 128500.36923217773 |[[ -1.00000000e+00   1.00000000e+00   2.90534717e-06]]|
144 179243 3839.9581663982058 578740.60391235352 |[[  1.00000000e+00   1.00000000e+00   9.97570851e-07]]|
145 179417 10432.333564412969 478654.8094329834 |[[ -1.00000000e+00   1.00000000e+00   1.53739184e-05]]|
146 179528 6090.4196713334295 467809.9150390625 |[[  1.00000000e+00   1.00000000e+00   2.52685231e-06]]|
147 179641 6037.4192119948439 1090146.1558227539 |[[  1.00000000e+00   1.00000000e+00   4.02727483e-06]]|
148 179763 7137.7894814006822 966206.31048583984 |[[ -1.00000000e+00   1.00000000e+00   3.52813440e-05]]|
149 179973 12734.583782338874 1039306.2622680664 |[[  1.00000000e+00   1.00000000e+00   9.72058558e-08]]|
150 180086 6592.6617320508603 1285588.1513671875 |[[  1.00000000e+00   1.00000000e+00   6.66280448e-06]]|
151 180474 25375.166155995477 2343548.0256958008 |[[ -1.00000000e+00   1.00000000e+00   9.34871935e-07]]|
152 180938 30273.050014122502 3868536.8858642578 |[[  9.99627948e-01   1.00000000e+00   2.49570417e-06]]|
153 181114 11522.345911540728 1844460.2250061035 |[[ -1.00000000e+00   1.00000000e+00   5.85771204e-07]]|
154 181196 4351.1839203746813 420295.14755249023 |[[  1.00000000e+00   1.00000000e+00   2.94762373e-07]]|
155 181308 6175.5983560338391 733852.80233764648 |[[  1.00000000e+00   1.00000000e+00   1.47425862e-06]]|
156 181496 10858.200970342565 706229.37593078613 |[[  9.96675849e-01   1.00000000e+00   3.44115665e-06]]|
157 181637 8631.0581913359929 740449.75549316406 |[[ -1.00000000e+00   1.00000000e+00   1.66841983e-05]]|
158 181753 7066.7195164151899 523938.90005493164 |[[ -1.00000000e+00   1.00000000e+00   1.00071820e-05]]|
159 181925 10450.845507246553 1147895.8606262207 |[[ -9.99930024e-01   1.00000000e+00   4.97375549e-06]]|
160 182411 32121.214604052719 3031832.8971862793 |[[  1.00000000e+00   1.00000000e+00   8.87322571e-08]]|
161 182492 4431.7407449159673 413425.66128540039 |[[  1.00000000e+00   1.00000000e+00   9.38982112e-07]]|
162 182671 10681.02332414052 646772.10003662109 |[[  1.00000000e+00   1.00000000e+00   1.85139615e-05]]|
163 182788 6603.9709570746591 857264.02015686035 |[[  1.00000000e+00   1.00000000e+00   3.97197527e-06]]|
164 183283 31624.56779307553 4026575.025177002 |[[  1.00000000e+00   1.00000000e+00   9.30163606e-06]]|
165 183469 11031.050102468398 777960.06541442871 |[[  1.00000000e+00   1.00000000e+00   3.11778203e-05]]|
166 183567 5310.7700203516733 890459.50991821289 |[[ -1.00000000e+00   1.00000000e+00   1.41513431e-06]]|
167 183755 10783.276968053839 2261158.1084289551 |[[  1.00000000e+00   1.00000000e+00   4.34523088e-07]]|
168 184260 31503.955539828701 3685635.1199951172 |[[ -1.00000000e+00   1.00000000e+00   8.02043451e-06]]|
169 184365 5776.8641332405195 1068455.7668762207 |[[  1.00000000e+00   1.00000000e+00   7.97036080e-07]]|
170 184544 10527.97209141522 1059448.6889343262 |[[ -1.00000000e+00   1.00000000e+00   8.88705290e-06]]|
171 184661 6861.2110107000708 1220204.552734375 |[[  1.00000000e+00   1.00000000e+00   1.36404401e-06]]|
172 184770 5798.5192832559078 1294364.9399108887 |[[ -1.00000000e+00   1.00000000e+00   3.08487046e-07]]|
173 185120 21253.991370933636 2907966.9290161133 |[[ -1.00000000e+00   1.00000000e+00   2.08463433e-07]]|
174 185208 4947.4410605880121 516542.05911254883 |[[ -8.03026140e-01   1.00000000e+00   1.30469675e-06]]|
175 185653 29490.572469744315 4370736.8291320801 |[[  1.00000000e+00   1.00000000e+00   8.21725280e-07]]|
176 185831 10897.403097659077 3226318.5675048828 |[[ -1.00000000e+00   1.00000000e+00   2.76038782e-06]]|
177 185908 4217.3276407239364 916578.49188232422 |[[ -1.00000000e+00   1.00000000e+00   9.10484869e-06]]|
178 186272 22928.290610001051 4679326.5064086914 |[[  9.90282774e-01   1.00000000e+00   7.89827439e-08]]|
179 186428 9172.4154631244164 2579700.9696044922 |[[ -1.00000000e+00   1.00000000e+00   2.72939098e-04]]|
180 186587 9174.760266406427 1063411.6680297852 |[[  1.00000000e+00   1.00000000e+00   5.20023704e-08]]|
181 187082 32863.273209783794 5415410.9245605469 |[[ -1.00000000e+00   1.00000000e+00   5.67567586e-05]]|
182 187302 13102.971345181621 1411055.0648498535 |[[ -1.00000000e+00   1.00000000e+00   1.04317644e-06]]|
183 187803 31864.399339786447 6166796.580078125 |[[ -1.00000000e+00   1.00000000e+00   2.05282913e-06]]|
184 187982 11037.62429022417 2431917.1375427246 |[[  1.00000000e+00   1.00000000e+00   6.39018083e-07]]|
185 188423 27640.477560856067 3862347.5357971191 |[[ -1.00000000e+00   1.00000000e+00   1.19855329e-07]]|
186 188503 3950.9958238223853 1167563.6280517578 |[[  1.00000000e+00   1.00000000e+00   1.40165781e-08]]|
187 188629 6869.0588044235219 1235595.1108703613 |[[  1.00000000e+00   1.00000000e+00   8.20175998e-08]]|
188 189118 31408.202015705676 5168795.8364562988 |[[  1.00000000e+00   1.00000000e+00   1.03636966e-09]]|
189 189560 29676.820024978937 6117517.0026855469 |[[ -9.98097718e-01   1.00000000e+00   5.58471982e-07]]|
190 189637 4244.4108092696661 833040.2629699707 |[[  1.00000000e+00   1.00000000e+00   2.56238089e-08]]|
191 189768 7558.8857592836466 1056000.8721618652 |[[  1.00000000e+00   1.00000000e+00   4.52897364e-09]]|
192 189943 11205.366496144799 2904788.3620605469 |[[  1.00000000e+00   1.00000000e+00   5.70919292e-06]]|
193 190067 7036.6746984939919 1972973.3933105469 |[[  1.00000000e+00   1.00000000e+00   3.54414487e-06]]|
194 190126 2662.9781084495926 925832.93206787109 |[[ -1.00000000e+00   1.00000000e+00   3.04854126e-04]]|
195 190630 32415.194978943895 7497813.8649291992 |[[ -1.00000000e+00   1.00000000e+00   2.86124560e-07]]|
196 190793 9114.8340021984859 2036289.7675170898 |[[ -1.00000000e+00   1.00000000e+00   1.46811541e-08]]|
197 191233 27227.909809036992 4738654.9144592285 |[[ -1.00000000e+00   1.00000000e+00   4.51369253e-09]]|
198 191355 6939.0039270282432 2003108.0308303833 |[[  1.00000000e+00   1.00000000e+00   5.56136115e-07]]|
199 191480 7783.5659261953097 2294377.3760986328 |[[  1.00000000e+00   1.00000000e+00   2.03719974e-08]]|
200 191604 7910.741228001003 1550661.7682495117 |[[  1.00000000e+00   1.00000000e+00   2.67031908e-09]]|
201 192097 30897.343963575229 5874612.731628418 |[[  1.00000000e+00   1.00000000e+00   2.32665357e-07]]|
202 192178 4127.5301664248609 631206.64953613281 |[[  1.00000000e+00   1.00000000e+00   4.15447587e-08]]|
203 192255 3839.5897479607029 1187887.1055297852 |[[  1.00000000e+00   1.00000000e+00   2.57241295e-09]]|
204 192698 28003.105731184922 5879750.3812866211 |[[  1.00000000e+00   1.00000000e+00   5.43693773e-07]]|
205 193139 28637.042321873028 5637832.3037719727 |[[ -1.00000000e+00   1.00000000e+00   5.44929186e-08]]|
206 193260 6856.6078145676047 2346184.6900024414 |[[  1.00000000e+00   1.00000000e+00   3.58483909e-09]]|
207 193378 7129.170392451967 2306125.7515563965 |[[  1.00000000e+00   1.00000000e+00   2.60805280e-07]]|
208 193457 3938.4652544906176 1330771.6912841797 |[[  1.00000000e+00   1.00000000e+00   4.01523481e-09]]|
209 193918 29120.653707615347 5378427.1052856445 |[[  1.00000000e+00   1.00000000e+00   1.23184837e-10]]|
210 194075 9260.5005950316663 2953294.5260620117 |[[  1.00000000e+00   1.00000000e+00   4.29400480e-08]]|
211 194156 3523.2395153698617 2206684.4724731445 |[[ -1.00000000e+00   1.00000000e+00   5.67576706e-07]]|
212 194237 4126.5876699227647 1270882.3430175781 |[[  1.00000000e+00   1.00000000e+00   1.48780295e-08]]|
213 194361 6471.704020646408 1285330.9624938965 |[[ -1.00000000e+00   1.00000000e+00   1.15125394e-08]]|
214 194486 7025.9274167004978 3295541.940612793 |[[  1.00000000e+00   1.00000000e+00   1.88762044e-11]]|
215 194715 12800.226229458063 3315992.8674316406 |[[ -1.00000000e+00   1.00000000e+00   3.80616250e-09]]|
216 194833 6744.8991541976875 1351223.6393432617 |[[ -1.00000000e+00   1.00000000e+00   2.31007942e-08]]|
217 194937 4714.1636246184744 2231684.9909667969 |[[ -1.00000000e+00   1.00000000e+00   3.66143144e-10]]|
218 195102 9104.9498063920037 1144330.8863220215 |[[ -1.00000000e+00   1.00000000e+00   1.91088692e-08]]|
219 195231 7211.0728236513505 3504950.8074951172 |[[  1.00000000e+00   1.00000000e+00   1.44607686e-08]]|
220 195398 9009.5898027311869 2681875.3504638672 |[[  1.00000000e+00   1.00000000e+00   1.00410985e-10]]|
221 195576 10070.998352268482 3233673.0333862305 |[[  1.00000000e+00   1.00000000e+00   1.10481585e-06]]|
222 195700 7406.4277199135668 1628894.8647460938 |[[ -1.00000000e+00   1.00000000e+00   4.89590501e-09]]|
223 196142 26792.944858790197 8286830.5232543945 |[[ -1.00000000e+00   1.00000000e+00   2.94425519e-07]]|
224 196221 3560.1258414935269 776078.8291015625 |[[  1.00000000e+00   1.00000000e+00   8.46019077e-08]]|
225 196298 3375.4780505176996 1851178.8049316406 |[[  1.00000000e+00   1.00000000e+00   9.12584136e-13]]|
226 196417 6432.3931544655979 1920231.12890625 |[[ -1.00000000e+00   1.00000000e+00   7.25545775e-08]]|
227 196502 3810.4185643640953 1476069.6333618164 |[[ -1.00000000e+00   1.00000000e+00   9.61046709e-09]]|
228 196950 28051.80034661484 9458230.2465820312 |[[ -1.00000000e+00   1.00000000e+00   3.44515513e-07]]|
229 197117 8920.7532574566958 2897145.3203887939 |[[  1.00000000e+00   1.00000000e+00   1.61753333e-10]]|
230 197595 28941.637871906791 7649263.0269775391 |[[  1.00000000e+00   1.00000000e+00   9.68650382e-10]]|
231 197723 6004.93769218547 1958328.4377441406 |[[  1.00000000e+00   1.00000000e+00   7.04297620e-10]]|
232 198217 31291.471981093426 12137038.721679688 |[[  1.00000000e+00   1.00000000e+00   1.31720554e-08]]|
233 198707 29537.124704344984 8629243.4968261719 |[[ -1.00000000e+00   1.00000000e+00   3.07034842e-09]]|
234 199190 29503.231158823954 10767980.835205078 |[[  1.00000000e+00   1.00000000e+00   4.45358611e-11]]|
235 199310 5838.1317563846605 4391693.2347412109 |[[ -1.00000000e+00   1.00000000e+00   4.72056394e-10]]|
236 199809 31148.441785856576 11033620.827453613 |[[ -1.00000000e+00   1.00000000e+00   9.13577409e-08]]|
237 199924 6352.0109373298592 2114729.6879272461 |[[  1.00000000e+00   1.00000000e+00   1.44864973e-08]]|
238 200399 28906.241759201195 13342519.923828125 |[[  1.00000000e+00   1.00000000e+00   1.88713346e-12]]|
239 200530 6869.6748563717101 2509232.3072509766 |[[ -1.00000000e+00   1.00000000e+00   7.87497427e-08]]|
240 200651 6980.3753445893608 3193881.2927246094 |[[ -1.00000000e+00   1.00000000e+00   5.36624967e-09]]|
241 201140 30628.705506984195 13988130.166442871 |[[  1.00000000e+00   1.00000000e+00   1.69657230e-08]]|
242 201595 27029.037985502888 12082331.382202148 |[[ -1.00000000e+00   1.00000000e+00   2.07019471e-10]]|
243 201721 6857.6298013993082 5005362.1180419922 |[[  1.00000000e+00   1.00000000e+00   5.38681766e-10]]|
244 201859 7180.7131662941274 2731098.2796630859 |[[ -1.00000000e+00   1.00000000e+00   3.18661608e-09]]|
245 201995 6819.6308735510956 2802333.8170166016 |[[ -1.00000000e+00   1.00000000e+00   2.81587687e-09]]|
246 202113 6447.0614026924304 2591228.5895385742 |[[  1.00000000e+00   1.00000000e+00   1.59529012e-09]]|
247 202192 3802.5157420296327 3058044.6013183594 |[[ -1.00000000e+00   1.00000000e+00   1.22446423e-07]]|
248 202596 25260.148861869347 10623446.552612305 |[[ -1.00000000e+00   1.00000000e+00   1.67960257e-10]]|
249 202680 4123.1260593605475 967213.76342773438 |[[  1.00000000e+00   1.00000000e+00   1.08093014e-11]]|
250 202793 5978.819476140693 2963848.9290771484 |[[ -1.00000000e+00   1.00000000e+00   6.78341661e-10]]|
251 202881 4083.2764455962115 3028222.5982666016 |[[ -1.00000000e+00   1.00000000e+00   1.26195721e-08]]|
252 202962 4127.5301664248609 1390385.3944091797 |[[  1.00000000e+00   1.00000000e+00   1.52609619e-10]]|
253 203077 6624.8686432322193 3354136.1365356445 |[[ -1.00000000e+00   1.00000000e+00   1.54230251e-09]]|
254 203196 6137.5730029661963 4755193.0354614258 |[[ -1.00000000e+00   1.00000000e+00   2.17356327e-10]]|
255 203277 4127.5301664248609 2086119.3896484375 |[[  1.00000000e+00   1.00000000e+00   1.29476846e-10]]|
256 203358 4127.5301664248609 2079368.4829101562 |[[  1.00000000e+00   1.00000000e+00   1.17581694e-10]]|
257 203439 4127.5301664248609 1834336.8190917969 |[[  1.00000000e+00   1.00000000e+00   1.07252894e-10]]|
258 203520 4128.4025584507417 1727081.0131835938 |[[  1.00000000e+00   1.00000000e+00   1.29330005e-10]]|
259 203599 3675.0730389115674 2990084.6159667969 |[[ -1.00000000e+00   1.00000000e+00   9.11896614e-10]]|
260 203764 9232.1828538659702 2709397.2336425781 |[[  1.00000000e+00   1.00000000e+00   8.33646947e-15]]|
261 203940 9189.5134539038409 3835873.6333618164 |[[ -1.00000000e+00   1.00000000e+00   1.48716595e-10]]|
262 204144 12554.186556673365 6105637.0139160156 |[[  1.00000000e+00   1.00000000e+00   5.69958685e-13]]|
263 204645 31540.445258374457 16254889.190246582 |[[  1.00000000e+00   1.00000000e+00   4.45322579e-09]]|
264 205157 33570.537073898318 13166756.493469238 |[[ -1.00000000e+00   1.00000000e+00   1.12293685e-08]]|
265 205242 4529.0011008921929 2299418.701171875 |[[  9.93805110e-01   1.00000000e+00   2.04648423e-08]]|
266 205406 10102.100198504761 6231988.0834960938 |[[  1.00000000e+00   1.00000000e+00   1.06518005e-13]]|
267 205532 6821.2491419525586 3138333.5402832031 |[[ -1.00000000e+00   1.00000000e+00   2.76738549e-10]]|
268 205614 4444.3277755977224 2888366.2768554688 |[[  1.00000000e+00   1.00000000e+00   4.17854727e-12]]|
269 206116 31585.883624686834 15638132.638366699 |[[  1.00000000e+00   1.00000000e+00   1.57589319e-08]]|
270 206233 6641.568246221651 3776472.1943359375 |[[  1.00000000e+00   1.00000000e+00   3.05132086e-10]]|
271 206723 31522.296229690022 12907286.322692871 |[[  1.00000000e+00   1.00000000e+00   6.61638966e-10]]|
272 206877 9329.4806762092048 2738805.0794677734 |[[ -1.00000000e+00   1.00000000e+00   2.91597961e-11]]|
273 206995 6942.7576274991197 6077583.7618408203 |[[  1.00000000e+00   1.00000000e+00   6.61538949e-11]]|
274 207341 22265.476585938988 10842903.565917969 |[[  1.00000000e+00   1.00000000e+00   9.11324835e-13]]|
275 207562 12772.824725389566 7520409.9036254883 |[[  1.00000000e+00   1.00000000e+00   1.90435490e-09]]|
276 207656 4821.1079793083072 3160423.8237304688 |[[ -9.99421000e-01   1.00000000e+00   1.43385415e-09]]|
277 207827 9664.9798004030599 6848666.8504638672 |[[ -1.00000000e+00   1.00000000e+00   4.52615584e-10]]|
278 207951 6960.4224875121172 3492384.3046264648 |[[  1.00000000e+00   1.00000000e+00   1.72224675e-13]]|
279 208391 28968.7544347773 11994576.75378418 |[[ -9.99967277e-01   1.00000000e+00   2.22223728e-09]]|
280 208507 6747.7277864753623 3908421.6750488281 |[[  1.00000000e+00   1.00000000e+00   1.44594850e-10]]|
281 208622 6578.955104304644 3515725.2114257812 |[[ -1.00000000e+00   1.00000000e+00   1.29539782e-11]]|
282 209118 31896.652337888543 16014089.23059082 |[[  1.00000000e+00   1.00000000e+00   2.83929499e-12]]|
283 209241 7294.4369749755824 3100392.5224609375 |[[ -1.00000000e+00   1.00000000e+00   1.41493386e-10]]|
284 209727 30851.622991458891 16492840.717651367 |[[  1.00000000e+00   1.00000000e+00   3.56290603e-15]]|
285 210162 28592.813295321543 15809867.617431641 |[[ -6.09218001e-01   1.00000000e+00   2.89015167e-09]]|
286 210294 7864.2492666902508 5570770.9886474609 |[[ -1.00000000e+00   1.00000000e+00   1.05702336e-10]]|
287 210374 4013.8912153596902 3411279.6098632812 |[[  1.00000000e+00   1.00000000e+00   3.02379920e-15]]|
288 210475 5202.7772582294419 4369089.9820556641 |[[  1.00000000e+00   1.00000000e+00   1.05320657e-12]]|
289 210606 6857.9790763119299 5886565.8361816406 |[[ -1.00000000e+00   1.00000000e+00   3.95029539e-12]]|
290 210778 10217.822090955362 7105780.3639526367 |[[  1.00000000e+00   1.00000000e+00   9.45837293e-19]]|
291 210858 4524.4163092394283 3571656.7043457031 |[[  1.00000000e+00   1.00000000e+00   6.85911343e-13]]|
292 210981 7680.055290066638 4365207.5797119141 |[[  1.00000000e+00   1.00000000e+00   1.53375088e-13]]|
293 211116 7192.9621064027078 3529912.3553466797 |[[ -1.00000000e+00   1.00000000e+00   8.35426173e-12]]|
294 211247 7637.74297667053 4056282.1053466797 |[[ -1.00000000e+00   1.00000000e+00   1.17459306e-10]]|
295 211693 27231.340637916273 16887213.571594238 |[[  1.00000000e+00   1.00000000e+00   1.48867498e-11]]|
296 212147 29154.191370984048 14885308.565673828 |[[  1.00000000e+00   1.00000000e+00   2.34390025e-11]]|
297 212263 6764.6817296461677 3986120.494140625 |[[  1.00000000e+00   1.00000000e+00   1.83954804e-15]]|
298 212426 8338.3027144292028 6535223.2604980469 |[[  1.00000000e+00   1.00000000e+00   1.77535306e-19]]|
299 212503 3928.4990390724047 2296567.1896972656 |[[  1.00000000e+00   1.00000000e+00   5.45546096e-15]]|
300 212663 8127.3769915933462 7643065.5380859375 |[[ -1.00000000e+00   1.00000000e+00   3.70333631e-16]]|
301 212835 10335.084155188184 8151431.1673583984 |[[ -1.00000000e+00   1.00000000e+00   2.12673368e-11]]|
302 212948 6450.2281492260718 3406530.2722167969 |[[  1.00000000e+00   1.00000000e+00   5.84404283e-15]]|
303 213448 31126.678032001746 21361849.784118652 |[[  1.00000000e+00   1.00000000e+00   2.70731410e-10]]|
304 213698 15163.787019624657 12298779.662231445 |[[  1.00000000e+00   1.00000000e+00   7.18606292e-18]]|
305 214162 28428.185978836573 17836122.911010742 |[[ -1.00000000e+00   1.00000000e+00   6.63875177e-10]]|
306 214277 6511.9576650928093 4538957.8503417969 |[[ -1.00000000e+00   1.00000000e+00   4.34491072e-12]]|
307 214437 9035.5865755176619 6571713.0133056641 |[[  1.00000000e+00   1.00000000e+00   3.32710945e-20]]|
308 214562 7351.7471576816179 4542094.4916992188 |[[  1.00000000e+00   1.00000000e+00   3.33380077e-15]]|
309 214738 10643.779674654388 9790945.8146972656 |[[ -1.00000000e+00   1.00000000e+00   8.87861312e-11]]|
310 214854 6489.7058096671672 3993793.9621582031 |[[ -1.00000000e+00   1.00000000e+00   2.85742811e-13]]|
311 214970 6363.5644368196508 6246563.5461425781 |[[ -1.00000000e+00   1.00000000e+00   2.03900211e-13]]|
312 215085 6492.8113728480284 4101530.9350585938 |[[ -1.00000000e+00   1.00000000e+00   1.72399191e-13]]|
313 215200 6410.9361107879658 3318587.1130371094 |[[ -1.00000000e+00   1.00000000e+00   1.34848296e-12]]|
314 215676 28888.637435599292 23774836.297607422 |[[  1.00000000e+00   1.00000000e+00   8.89819766e-14]]|
315 216161 30492.787891336218 17678750.783325195 |[[ -1.00000000e+00   1.00000000e+00   2.67471266e-13]]|
316 216288 7521.6184744602751 6587184.8670654297 |[[ -1.00000000e+00   1.00000000e+00   2.30201888e-14]]|
317 216439 8237.498166373065 5645562.9437255859 |[[ -1.00000000e+00   1.00000000e+00   5.37797075e-13]]|
318 216932 31152.590970055 18794967.889770508 |[[  1.00000000e+00   1.00000000e+00   2.67571660e-14]]|
319 217009 4157.5585606158957 3476251.1938476562 |[[ -1.00000000e+00   1.00000000e+00   1.36558516e-14]]|
320 217087 4305.1122153130182 2887088.5911865234 |[[ -1.00000000e+00   1.00000000e+00   2.83419295e-12]]|
321 217582 31071.755179849424 24134988.617553711 |[[ -1.00000000e+00   1.00000000e+00   1.51915147e-11]]|
322 217752 9733.4608865401278 7554207.9968261719 |[[  1.00000000e+00   1.00000000e+00   2.00927775e-18]]|
323 217874 6511.7828994818592 5240580.0007324219 |[[  1.00000000e+00   1.00000000e+00   6.33600285e-16]]|
324 217956 4082.8735071517785 4079168.6735839844 |[[ -1.00000000e+00   1.00000000e+00   1.05366332e-11]]|
325 218033 3825.7226855962626 3486963.4232177734 |[[  1.00000000e+00   1.00000000e+00   2.64255987e-23]]|
326 218157 6867.7454045867762 5369928.4228515625 |[[ -1.00000000e+00   1.00000000e+00   7.22880109e-15]]|
327 218281 6318.8751363720003 5785517.2209472656 |[[ -1.00000000e+00   1.00000000e+00   2.82340984e-14]]|
328 218451 9945.3241574267267 7113542.8371582031 |[[  1.00000000e+00   1.00000000e+00   2.46050549e-13]]|
329 218944 31860.237970106682 21260173.642700195 |[[  1.00000000e+00   1.00000000e+00   1.67717103e-16]]|
330 219056 6473.1422267397802 4193426.0128173828 |[[  1.00000000e+00   1.00000000e+00   3.05171029e-14]]|
331 219138 4291.4346843185067 3927911.0725097656 |[[  1.00000000e+00   1.00000000e+00   5.34932243e-18]]|
332 219254 6681.3282762524977 4943591.5499267578 |[[ -1.00000000e+00   1.00000000e+00   1.01717455e-15]]|
333 219439 11167.797509934106 8859250.5013427734 |[[  1.00000000e+00   1.00000000e+00   1.92272162e-19]]|
334 219565 7372.7224108706505 4372321.3217773438 |[[  1.00000000e+00   1.00000000e+00   3.15958760e-20]]|
335 219679 6262.0801792383991 6386583.8051757812 |[[  1.00000000e+00   1.00000000e+00   1.17745562e-13]]|
336 219856 10795.814100532454 5794570.0642089844 |[[  1.00000000e+00   1.00000000e+00   3.01383153e-19]]|
337 219978 6761.0613267172812 2689557.0190429688 |[[  1.00000000e+00   1.00000000e+00   1.19776347e-19]]|
338 220463 29476.039763762168 22822961.476806641 |[[  1.00000000e+00   1.00000000e+00   7.41458690e-21]]|
339 220589 7076.6640891341185 8761861.9370117188 |[[ -1.00000000e+00   1.00000000e+00   2.60072437e-14]]|
340 221096 31866.095590463279 24770621.597290039 |[[ -1.00000000e+00   1.00000000e+00   7.85058379e-13]]|
341 221210 6732.1825770555834 6443101.0014648438 |[[  1.00000000e+00   1.00000000e+00   2.83855022e-14]]|
342 221356 8533.2408255103237 7174566.9794921875 |[[ -1.00000000e+00   1.00000000e+00   7.26738887e-14]]|
343 221481 6879.8888929038894 4210152.5927734375 |[[ -1.00000000e+00   1.00000000e+00   2.66188625e-14]]|
344 221558 3670.0568491078097 3310592.9692382812 |[[  1.00000000e+00   1.00000000e+00   3.71769735e-19]]|
345 221679 6574.1106923025163 7213591.9099121094 |[[ -1.00000000e+00   1.00000000e+00   1.34750649e-15]]|
346 221758 3966.501510530657 2150612.1474609375 |[[ -1.00000000e+00   1.00000000e+00   4.01787002e-13]]|
347 221874 6489.7058096671672 4396202.1044921875 |[[ -1.00000000e+00   1.00000000e+00   1.08354943e-15]]|
348 221955 4475.4642567106648 2861205.1967773438 |[[ -1.00000000e+00   1.00000000e+00   3.56914666e-13]]|
349 222212 15038.778335607438 14305147.518798828 |[[ -1.00000000e+00   1.00000000e+00   6.30627147e-16]]|
350 222421 12514.666465063781 9688165.8316650391 |[[  1.00000000e+00   1.00000000e+00   5.33079737e-21]]|
351 222581 9100.3606014089091 10545768.668701172 |[[  1.00000000e+00   1.00000000e+00   7.80856554e-23]]|
352 222703 7454.0618537895716 3521057.1220703125 |[[  1.00000000e+00   1.00000000e+00   9.79426720e-19]]|
353 222819 6489.7058096671672 6682715.7216796875 |[[ -1.00000000e+00   1.00000000e+00   1.46583255e-15]]|
354 223321 32518.392700821969 24011084.084594727 |[[ -1.00000000e+00   1.00000000e+00   3.86697612e-14]]|
355 223496 9699.0641606798054 8937151.3708496094 |[[ -1.00000000e+00   1.00000000e+00   8.11624694e-16]]|
356 223650 8838.9862807623522 7234353.927734375 |[[  1.00000000e+00   1.00000000e+00   2.38743288e-18]]|
357 223774 6934.2220588977407 8165970.5743408203 |[[ -1.00000000e+00   1.00000000e+00   1.29581027e-15]]|
358 223891 6839.4055362326217 6193586.8820800781 |[[  1.00000000e+00   1.00000000e+00   1.73948721e-27]]|
359 223968 4322.8774752853169 2233959.171875 |[[ -1.00000000e+00   1.00000000e+00   4.98399480e-15]]|
360 224094 6705.1072006459135 7278002.2553710938 |[[  1.00000000e+00   1.00000000e+00   5.35300105e-24]]|
361 224220 7561.6936791620119 6131665.7534179688 |[[ -1.00000000e+00   1.00000000e+00   3.17909544e-16]]|
362 224349 7353.9480765027738 6157277.2143554688 |[[ -1.00000000e+00   1.00000000e+00   9.29031878e-16]]|
363 224473 6951.8763108923431 6993529.8123779297 |[[  1.00000000e+00   1.00000000e+00   1.01628673e-22]]|
364 224648 9227.1197557105243 8697409.0124511719 |[[ -1.00000000e+00   1.00000000e+00   1.66253361e-15]]|
365 224760 6233.153672165382 7095914.6352539062 |[[ -1.00000000e+00   1.00000000e+00   6.37153138e-17]]|
366 224933 10501.158548942005 9957369.2133789062 |[[ -1.00000000e+00   1.00000000e+00   6.79543295e-14]]|
367 225014 4449.0706067059227 4014908.79296875 |[[  1.00000000e+00   1.00000000e+00   1.00582133e-18]]|
368 225133 6808.7105199663683 5160940.4302978516 |[[ -1.00000000e+00   1.00000000e+00   2.54639826e-17]]|
369 225210 3820.5689994342151 6711028.6857910156 |[[  1.00000000e+00   1.00000000e+00   1.32951193e-17]]|
370 225368 9723.3883287282733 7078369.2724609375 |[[  1.00000000e+00   1.00000000e+00   6.06729835e-23]]|
371 225550 10909.013129410214 9527061.0152587891 |[[  1.00000000e+00   1.00000000e+00   7.80850622e-23]]|
372 226015 28663.291096844332 24300280.363647461 |[[ -1.00000000e+00   1.00000000e+00   3.00671656e-16]]|
373 226139 7164.4659932778341 4929321.4619140625 |[[  1.00000000e+00   1.00000000e+00   9.10070128e-22]]|
374 226478 21840.812043808572 20299745.383056641 |[[  1.00000000e+00   1.00000000e+00   6.42660619e-23]]|
375 226601 7570.358236269105 5264014.0447998047 |[[  1.00000000e+00   1.00000000e+00   8.97914450e-22]]|
376 226715 6704.2582227971106 3816238.5358886719 |[[  1.00000000e+00   1.00000000e+00   7.72254851e-21]]|
0 589 40977.592360124429 6209619.1552734375 |[[ 0.35341893  0.6730862  -0.11759746]]|
