2 189 -241.39415972323843 18664.641774654388 |[[ 0.2091492   0.4515829   0.05046554]]|
0 77 -25.727687242139581 5085.6445422172546 |[[ 0.31179728  0.66639876  0.03669419]]|
1 111 -312.34202627491948 8338.3252425193787 |[[ 0.18816465  0.5184833   0.12738745]]|
2 188 -241.08381081655932 25750.982720851898 |[[ 0.32908098  0.56137751  0.03129772]]|
3 265 -120.38144459043956 44763.380509853363 |[[  4.63845055e-01   5.05585483e-01  -1.75862327e-04]]|
4 298 -336.93419014376559 53931.468827724457 |[[ 0.36635007  0.56605159  0.12316411]]|
5 375 -152.28618568676814 77431.466401576996 |[[ 0.39879651  0.57421014  0.10112117]]|
6 452 -171.19512600063214 101992.01715993881 |[[ 0.36831738  0.4018742   0.02698488]]|
0 77 -139.1524227044408 21864.452134402003 |[[-0.43950654  0.76562876  0.03669119]]|
0 71 -267.58807764353389 20807.26985424757 |[[-0.26353426  0.59923984 -0.09717882]]|
1 94 -216.31095031920322 25164.463693320751 |[[-0.47242021  0.57010285 -0.10722702]]|
2 116 -277.54426903591349 29218.192992389202 |[[-0.39931847  0.61796976 -0.03702084]]|
3 137 -233.12563238857607 33631.704242885113 |[[-0.69166013  0.62787236 -0.121329  ]]|
0 77 -288.01624460090113 35030.592285841703 |[[-0.30058454  0.76562876 -0.07021924]]|
1 154 -200.18639191301267 45402.775920122862 |[[-0.27531319  0.5017252  -0.04269009]]|
2 233 -280.22520775222767 62788.157189577818 |[[-0.36146377  0.73805577 -0.13602471]]|
3 310 -281.87364310099849 75846.735058277845 |[[-0.48325404  0.49767222 -0.10854578]]|
4 387 -298.91383279448456 85963.801148384809 |[[-0.37252992  0.62545218 -0.08855691]]|
5 464 -215.08898280337368 94898.003572434187 |[[-0.62834539  0.72521917 -0.07368987]]|
6 541 -265.8896553327412 103429.39573857188 |[[-0.2939114   0.60036467  0.01567823]]|
7 619 -193.2913609326007 111538.35379287601 |[[-0.59978291  0.73597665  0.1049669 ]]|
8 696 -304.6851969263414 121323.5566637218 |[[-0.2990132   0.55195123  0.05072055]]|
9 773 -264.52134085011136 131823.61860391498 |[[-0.09810558  0.62229347  0.11166275]]|
10 850 -237.49845872151243 137680.41210243106 |[[-0.58331212  0.69185289  0.12563521]]|
11 928 -272.30652383800657 143413.86767694354 |[[-0.59010375  0.77818081  0.19385591]]|
12 1005 -335.22544970925253 146733.26757952571 |[[-0.3082577   0.57268893  0.07200285]]|
13 1082 -218.47585611578504 150144.39672705531 |[[-0.2155059   0.66648406  0.14071418]]|
14 1103 -242.81288453777256 151546.336307019 |[[-0.55669881  0.58347108  0.02233814]]|
15 1181 -259.88831367155126 155690.79577490687 |[[-0.44985841  0.62186801  0.12986147]]|
16 1258 -269.87878340284652 159034.46800991893 |[[-0.21572949  0.85274658  0.22256305]]|
17 1336 -252.62148465016313 162950.24642893672 |[[-0.29286714  0.70940953  0.11054337]]|
18 1414 -302.34665983501372 166476.00464722514 |[[-0.43991269  0.72892401  0.11978384]]|
19 1435 -308.50833803620282 167148.26401278377 |[[-0.46795312  0.60245047  0.11701982]]|
20 1512 -230.58907840040123 170649.63276001811 |[[-0.4130163   0.72293581  0.25985004]]|
21 1589 -254.29156976197103 173534.91884967685 |[[-0.36829992  0.67038295  0.15659519]]|
22 1666 -274.70660030084781 175339.16160914302 |[[-0.57161685  0.68463345  0.1705631 ]]|
23 1743 -239.92623062673553 177954.11490365863 |[[-0.5262487   0.75646582  0.17284166]]|
24 1773 -330.93983272109438 180159.51630422473 |[[-0.46384292  0.64743906  0.18426176]]|
25 1793 -246.89044788326439 181023.289172858 |[[-0.39631911  0.59849999  0.21195141]]|
26 1870 -338.43566851241513 183318.55739638209 |[[-0.576202    0.62348633  0.20042285]]|
27 1892 -271.35091075079328 184189.91162702441 |[[-0.29549331  0.69260673  0.16972379]]|
28 1913 -296.70595777295586 185478.70621988177 |[[-0.59334982  0.73040585 -0.08078084]]|
29 1933 -334.87213562480821 186436.09492608905 |[[-0.42303144  0.74561794 -0.10576102]]|
30 2010 -225.02539263219606 191125.72353956103 |[[-0.43277488  0.59224741  0.18183578]]|
31 2031 -280.84923572776648 191863.29542085528 |[[-0.29680198  0.66613122  0.22352625]]|
32 2052 -264.0686520222626 192691.89183828235 |[[-0.33621108  0.79886551  0.13982968]]|
33 2073 -357.60395894796648 193419.44620963931 |[[-0.28231066  0.73990041 -0.13324383]]|
34 2093 -219.91730695670492 194673.59194156528 |[[-0.33932411  0.73657152  0.25863105]]|
35 2114 -229.30452497898258 195885.64173004031 |[[-0.37895014  0.50514958  0.26944776]]|
36 2191 -302.71117739251099 199858.64834186435 |[[-0.44308495  0.69114543  0.23822852]]|
37 2212 -357.00687525892045 200574.17067119479 |[[-0.44843762  0.76097011 -0.10273334]]|
38 2274 -297.85614947136725 203621.86377117038 |[[-0.51981252  0.56220861  0.22036427]]|
39 2294 -339.10125732349627 204230.51632997394 |[[-0.31263993  0.6395502  -0.01790656]]|
40 2314 -348.29567594540418 205077.77823755145 |[[-0.43805827  0.64770829 -0.03206503]]|
0 77 -290.81048281973227 3464.4678785800934 |[[-0.30058454  0.76562876  0.03669419]]|
0 77 -118.02505694761624 27059.980657374486 |[[-0.30058454  0.76562876  0.03669355]]|
1 154 -200.18639191301267 36507.11317733489 |[[-0.27531319  0.5017252   0.07116494]]|
2 231 -283.3824565315187 47037.021874940023 |[[-0.39418954  0.63485236  0.02070675]]|
3 308 -279.29280263335852 55834.920125266537 |[[-0.11563141  0.73448077  0.02896663]]|
0 77 -289.18623405536516 25358.472440138459 |[[-0.33547108  0.76562876  0.03669419]]|
1 101 -272.35698030345475 30511.648535624146 |[[-0.65799428  0.50199932 -0.04065749]]|
2 178 -310.59836380943972 49813.900421515107 |[[-0.01376809  0.49358665  0.01232655]]|
3 199 -359.56031043802182 52067.974333658814 |[[-0.78069959  0.64375093  0.04256465]]|
4 277 -262.43894012184143 62554.926111236215 |[[-0.48370575  0.53013726 -0.00701136]]|
5 298 -270.19744962214304 68817.011586681008 |[[-0.29143289  0.66307159  0.12316411]]|
6 375 -283.71777261109361 87849.983077719808 |[[-0.25593023  0.67046014  0.10112117]]|
7 452 -297.17942814467085 97753.780741289258 |[[ 0.53942407  0.4973542  -0.11369489]]|
8 480 -243.71241138111938 100963.00229568779 |[[  1.08834124e+00   6.05530539e-01  -2.60695863e-04]]|
9 557 -117.24438725771299 111117.41297478974 |[[ 0.61684837  0.5439113  -0.08209886]]|
10 584 -122.95920539827475 114214.94726128876 |[[ 0.82845933  0.654207   -0.07819543]]|
11 661 -86.557089617142637 122097.9158975631 |[[ 0.55421541  0.46056921 -0.10383204]]|
12 738 -119.73416316936202 129524.86383040249 |[[ 0.31533185  0.50955968 -0.00801482]]|
13 764 -160.86692682510179 132085.06815226376 |[[ 0.51116646  0.61791908 -0.02030056]]|
14 841 -118.445071682867 138333.06282801926 |[[ 0.57098464  0.52502667 -0.0297721 ]]|
0 77 310.2235324472997 45062.308879066259 |[[-0.39661075  0.76562875  0.03668842]]|
1 100 -227.07786699368765 5210.9753952026367 |[[-0.78811022  0.5131207   0.06949925]]|
2 126 -342.4668892557138 6697.8123550415039 |[[-0.52932138  0.49876382  0.09914144]]|
3 157 -13.369985000610988 13928.546546936035 |[[ 0.36736737  0.6555984  -0.01734086]]|
4 234 -68.218552101263228 21879.546029090881 |[[ 0.33566535  0.4681062   0.04953114]]|
5 259 -94.953126738269361 5685.6041975021362 |[[ 0.38998757  0.67592345 -0.00473017]]|
6 336 -109.75872472252081 11354.278125762939 |[[ 0.83499445  0.5578784  -0.11219266]]|
7 413 -65.205131554195887 8756.0592927932739 |[[ 0.5790182   0.61585314 -0.08868576]]|
8 490 -147.08528328903756 8506.7863771915436 |[[ 0.06605285  0.57234601 -0.18461443]]|
9 567 -83.018865235227565 9322.2816562652588 |[[ 0.28126905  0.61235201 -0.10109442]]|
10 644 -43.543111402828174 6909.9845530986786 |[[ 0.34119651  0.69670045 -0.1419292 ]]|
11 721 -144.22825057691958 7700.0208170413971 |[[ 0.60052945  0.53567314 -0.15955988]]|
12 798 -137.99350791223861 8760.3005627393723 |[[ 0.42983029  0.61299133  0.01047369]]|
13 875 -91.20013849433731 5876.1935603618622 |[[ 0.63064045  0.60875913 -0.06359009]]|
14 902 -189.25923163873065 1750.0462732315063 |[[ 0.59591219  0.60700987 -0.10418414]]|
15 979 -116.76755016929029 7417.8309755325317 |[[ 0.39970993  0.81678216 -0.06889073]]|
16 1004 -118.98593558340576 1335.4412436485291 |[[ 0.5026923   0.80477127 -0.09308852]]|
17 1081 -73.108147981112069 9450.4384931325912 |[[ 0.51257617  0.57905015 -0.09153123]]|
18 1107 -135.6647641416408 1521.643159031868 |[[ 0.95697047  0.59534813 -0.11133272]]|
19 1184 -101.50746635662352 7467.9151846170425 |[[ 0.61973062  0.66901571 -0.15503675]]|
20 1261 -40.667578497778756 6286.8268702030182 |[[ 0.33677245  0.52698    -0.06032177]]|
21 1338 -79.872145288868779 4367.9854646921158 |[[ 0.55347176  0.57536894 -0.0637737 ]]|
22 1415 -130.52630443876433 7067.0055332183838 |[[ 0.26703292  0.56387822 -0.05641721]]|
23 1492 -97.908597116774473 5555.5801467299461 |[[ 0.36281675  0.40999912 -0.02059605]]|
24 1569 -79.25083432568853 8096.8371034562588 |[[ 0.30570603  0.72085875 -0.07406621]]|
25 1646 -91.908574429611306 4696.0830311775208 |[[ 0.4081044   0.60574672 -0.10197301]]|
26 1724 -305.59013085826189 3166.1904617547989 |[[-0.44922983  0.56201655 -0.09050041]]|
27 1801 -348.48254358526316 4672.0116558074951 |[[-0.30542106  0.46778665  0.00067979]]|
28 1825 -266.78347591652567 2037.7225295305252 |[[-0.36565268  0.45727223 -0.10113734]]|
29 1850 -356.08321894824849 1232.0400066375732 |[[-0.72842111  0.55766907 -0.07273179]]|
30 1875 -376.29093136268602 2049.9739618301392 |[[-0.58943316  0.45885257 -0.02347844]]|
31 1952 -292.31355114854216 6678.1555035114288 |[[ 0.48961856  0.62137551 -0.12317269]]|
32 2030 -1062.7180204147869 8728.4387007951736 |[[ 0.59123492  0.43397959 -0.05356253]]|
33 2107 -42.902740114061565 12896.023551940918 |[[ 0.7375149   0.47006784  0.06140249]]|
34 2184 1601.8224252874891 10501.002067565918 |[[ 0.50895462  0.50567387 -0.01962753]]|
35 2261 -93.480486478036141 11716.737428188324 |[[ 0.55034439  0.38058819 -0.0530125 ]]|
36 2338 -73.143475475021404 7413.4701416492462 |[[ 0.52441101  0.48147396 -0.11421261]]|
37 2415 -152.28978537124064 11946.112097263336 |[[ 0.39239571  0.46163591 -0.0881889 ]]|
38 2492 -87.090121621300767 12165.643860340118 |[[ 0.25048811  0.3918018  -0.07484065]]|
39 2569 -89.234518508071702 11801.735260605812 |[[ 0.64112609  0.39523291 -0.05293274]]|
40 2646 -92.611156801012882 12626.995411872864 |[[ 0.8170663   0.55396905  0.02364668]]|
41 2723 -114.28324803068689 11985.904504477978 |[[ 0.60631499  0.29762133 -0.03147481]]|
42 2800 -131.6743459514058 9436.3718806505203 |[[ 0.72238219  0.43996724 -0.0558337 ]]|
43 2877 -88.013275216543931 11399.396050691605 |[[ 0.7232411   0.36008787 -0.09720216]]|
44 2956 -66.52067915576076 7400.0945115089417 |[[ 0.4030813   0.52326069 -0.01647578]]|
45 3033 -125.43634639048091 6905.3921664953232 |[[ 0.64701223  0.41524368 -0.03161502]]|
46 3110 -89.243344492236389 9982.7646901607513 |[[ 0.36903153  0.5216047  -0.08087369]]|
47 3187 -84.913219315484923 8579.7664291858673 |[[ 0.76178957  0.42455055 -0.01215197]]|
48 3267 -88.202518903979353 6691.334819316864 |[[ 0.9320649   0.33686328 -0.04754803]]|
49 3344 -139.4569695753888 9468.9163966178894 |[[ 0.42457875  0.27294582 -0.05180879]]|
50 3421 -128.32954764140621 10960.988558530807 |[[ 0.50266879  0.41945339 -0.0553211 ]]|
51 3498 -150.17847287855554 15381.054845809937 |[[ 0.68056145  0.36340017 -0.11872098]]|
52 3575 -121.69268643869852 8525.9243957102299 |[[ 0.37122614  0.38210018 -0.05295566]]|
53 3652 -123.16527714629588 9261.8155093193054 |[[ 0.68376563  0.39296487 -0.03225004]]|
54 3729 80.624362933006424 8210.1331882476807 |[[ 0.48932036  0.40490922 -0.07349396]]|
55 3806 496.31274698792606 7597.3142490386963 |[[ 0.83276076  0.30880042 -0.03683042]]|
56 3883 23.913506342402318 23114.436599731445 |[[ 0.3922592   0.49014041 -0.05968092]]|
57 3932 941.641473364131 7221.9463367462158 |[[ 0.36619578  0.31400364 -0.02291801]]|
58 4009 -58.592412675797881 15176.292548418045 |[[ 0.71387888  0.39674174 -0.05842517]]|
59 4086 -127.8575818080911 11391.656980991364 |[[ 0.83912203  0.32953569 -0.04489415]]|
60 4164 -100.73043806130103 14461.089666366577 |[[ 0.49632096  0.39531742 -0.06564721]]|
61 4241 -84.497418965268324 13869.6098279953 |[[ 0.64493634  0.38879074  0.01235376]]|
62 4318 -100.49478591314295 13160.256299734116 |[[ 0.67022845  0.35814387  0.00666436]]|
63 4395 -119.00741748256681 19183.685799598694 |[[ 0.76476976  0.33588406 -0.09451022]]|
64 4472 -110.43287834350645 10917.239909529686 |[[ 0.81868064  0.36549477 -0.06207596]]|
0 29 -114.30950493735709 3492.2075757980347 |[[ 0.15866101  0.68528414 -0.01680036]]|
0 29 -114.30950493735709 4222.5739347934723 |[[ 0.15866101  0.68528414 -0.01680036]]|
0 29 -114.30950493735709 5945.1517766714096 |[[ 0.15866101  0.68528414 -0.01680036]]|
1 106 -75.159968443846722 15642.354290008545 |[[ 0.27110673  0.66434178 -0.03538831]]|
2 132 -84.324698371649504 3043.1003742218018 |[[ 0.45755912  0.65321883 -0.04938953]]|
3 159 -62.588784677821948 4236.3696441650391 |[[ 0.3589062   0.60276681 -0.10161803]]|
4 186 -74.49704493690281 4163.645679473877 |[[ 0.25196978  0.74228221 -0.0347054 ]]|
5 215 -173.59198156992261 5314.1530609130859 |[[ 0.31140936  0.66936878 -0.1397565 ]]|
6 242 -143.77383192324052 4775.3171157836914 |[[ 0.37143873  0.56079464 -0.11058179]]|
7 269 -217.15088977222013 5041.1145629882812 |[[ 0.5666675   0.44044519 -0.13877739]]|
8 295 -177.24276534009778 5834.6957473754883 |[[ 0.25240378  0.66440704 -0.1028668 ]]|
9 322 -165.02247592107813 5208.61767578125 |[[ 0.24766605  0.56867165 -0.04855906]]|
10 399 -165.46900482234165 14047.065761566162 |[[ 0.24527606  0.63180588 -0.09821674]]|
11 476 -130.01189339760407 11515.303764343262 |[[ 0.41557911  0.68564163 -0.1074585 ]]|
12 553 -117.26484614121715 9050.428258895874 |[[ 0.31568726  0.69715046 -0.0409874 ]]|
13 581 -217.33187069545335 3601.1886749267578 |[[ 0.44851666  0.43096341 -0.12211857]]|
14 658 -143.1456654308104 8785.849645614624 |[[ 0.44403122  0.62466864 -0.0836898 ]]|
0 29 -109.61656475554641 3968.4289703369141 |[[ 0.15866101  0.68528414 -0.01680036]]|
1 106 -75.159968443846722 7452.7877130508423 |[[ 0.27110673  0.66434178 -0.03538831]]|
2 132 -84.324698371649504 1203.1707077026367 |[[ 0.45755912  0.65321883 -0.04938953]]|
3 159 -73.345248782434254 1832.7116584777832 |[[ 0.3589062   0.60276681 -0.10161803]]|
4 186 -74.49704493690281 1819.8112182617188 |[[ 0.25196978  0.74228221 -0.0347054 ]]|
5 215 -205.66843952885972 2475.0632667541504 |[[ 0.31140936  0.66936878 -0.1397565 ]]|
6 242 -144.72880109147684 4228.0030403137207 |[[ 0.37143873  0.56079464 -0.11058179]]|
7 269 -207.04858741588745 2997.8191566467285 |[[ 0.5666675   0.44044519 -0.13877739]]|
8 346 -4087.9458041380421 11805.435766220093 |[[ 0.1221462   0.58059958 -0.05265039]]|
9 423 -150.63055653580375 14969.483346939087 |[[ 0.32073332  0.65217376 -0.13495743]]|
10 449 -108.91812618495068 5751.971134185791 |[[ 0.33150373  0.65486233 -0.07381638]]|
11 526 -164.56488753365937 10268.599927902222 |[[ 0.45903515  0.59125265  0.02608626]]|
12 603 -91.362424945291551 15587.676322937012 |[[ 0.42544625  0.45498318 -0.08345531]]|
13 680 -119.31453952799957 15258.435947418213 |[[ 0.35839553  0.59613086 -0.15199267]]|
14 757 -77.667678984209829 12563.34009552002 |[[ 0.15661694  0.60417518 -0.07806262]]|
15 834 -96.228986842887821 17339.542453765869 |[[ 0.42711061  0.44298893 -0.02835916]]|
16 911 -133.00891819367476 14766.240316390991 |[[ 0.43672388  0.54339036 -0.03680278]]|
17 988 -143.46408849036061 11058.658219337463 |[[ 0.5210047   0.44958532 -0.13260732]]|
18 1065 -93.334343093394949 16245.271117210388 |[[ 0.39975768  0.52129563 -0.10961755]]|
19 1142 -52.232802460156428 14226.247299671173 |[[ 0.39208008  0.40474974 -0.06855694]]|
20 1219 -101.31257570624491 12348.746170759201 |[[ 0.48039246  0.30716432 -0.04156906]]|
0 31 -253.21905495038075 8301.3472328186035 |[[ 0.20970695  0.67072868 -0.06850866]]|
1 56 -13.682771607480197 6958.9688339233398 |[[ 0.32100433  0.64261785 -0.05975966]]|
2 133 -152.00424083219028 18060.013031005859 |[[ 0.36389934  0.66881985 -0.07432808]]|
3 160 -49.024812189111117 3680.8206596374512 |[[ 0.29794497  0.63835086 -0.03342228]]|
4 186 -65.936988850636652 3542.8749256134033 |[[ 0.25196978  0.74228221 -0.0347054 ]]|
5 215 -191.50313656744675 3812.4012298583984 |[[ 0.31140936  0.66936878 -0.1397565 ]]|
6 242 -145.69774469251013 4998.9921875 |[[ 0.37143873  0.56079464 -0.11058179]]|
7 269 -211.78243713800168 5005.6822814941406 |[[ 0.5666675   0.44044519 -0.13877739]]|
8 295 -155.97239054015182 7162.303150177002 |[[ 0.25240378  0.66440704 -0.1028668 ]]|
9 322 -150.21111159196832 4083.5883903503418 |[[ 0.24766605  0.56867165 -0.04855906]]|
10 399 -172.20476429133078 16164.559925079346 |[[ 0.24527606  0.63180588 -0.09821673]]|
11 476 -124.48733125447691 11074.567054748535 |[[ 0.41557911  0.68564163 -0.1074585 ]]|
12 530 220.75461299024767 16679.422519683838 |[[ 0.50427774  0.68838872 -0.04072927]]|
13 607 -205.02255280318357 51293.791603088379 |[[ 0.37166408  0.40397985 -0.13708565]]|
14 684 623.4567205685147 87417.60359954834 |[[ 0.2712917   0.47554997 -0.11169773]]|
15 720 245.63949933821291 43427.711715698242 |[[ 0.34918973  0.5961833  -0.10975039]]|
16 798 92.881625634479875 54270.035751342773 |[[ 0.40182934  0.52897284  0.0095654 ]]|
17 827 92.8458772014544 12253.635124206543 |[[ 0.24736422  0.44770446 -0.06584168]]|
18 904 54.440188752297814 56613.234230041504 |[[ 0.37853313  0.54354616 -0.06743615]]|
19 943 388.26622728127774 21434.321434020996 |[[ 0.41009367  0.55585144 -0.10695263]]|
20 1020 249.54721718534429 43917.817726135254 |[[ 0.53657242  0.45031604 -0.07310756]]|
21 1097 897.52016817346453 39927.400568008423 |[[ 0.48045388  0.40889029 -0.00123635]]|
22 1174 949.36655723771355 65416.581993103027 |[[ 0.50231997  0.52736836 -0.12556224]]|
23 1251 655.31368483675578 66767.658126831055 |[[ 0.37872544  0.55937123 -0.16245119]]|
24 1328 521.92165258372927 55574.323535919189 |[[ 0.60245249  0.58245595 -0.0652746 ]]|
25 1405 1030.0179458169093 48351.593208312988 |[[ 0.46175505  0.5055879  -0.02829979]]|
26 1483 273.03054166215503 57292.565361022949 |[[ 0.39701894  0.54034854 -0.09125252]]|
27 1560 871.15205455103114 67132.631378173828 |[[ 0.43423985  0.47152176 -0.03950832]]|
28 1637 478.74178798825693 83341.301265716553 |[[ 0.46492284  0.43961919 -0.10659819]]|
29 1714 608.56886091332854 53547.420066833496 |[[ 0.16242127  0.44474997 -0.10668995]]|
30 1791 854.21936677291819 68174.254577636719 |[[-0.33969648  0.43470913 -0.12110405]]|
31 1868 851.78455046076556 68381.205463409424 |[[-0.56279719  0.49384579 -0.08414371]]|
32 1946 768.99782570320565 52429.965530395508 |[[-0.55891674  0.35235577 -0.03095586]]|
33 2023 701.32787397782658 50217.749973297119 |[[-0.59883225  0.39723454 -0.0300425 ]]|
34 2100 559.68382070146708 56864.394004821777 |[[-0.42161049  0.4161552  -0.01922041]]|
35 2177 858.55490139513665 59880.485893249512 |[[-0.42029314  0.39499303 -0.02997774]]|
36 2223 1056.537730179052 21356.395479202271 |[[ 0.56036296  0.33795794 -0.0352392 ]]|
37 2300 896.3527444918733 44077.08292388916 |[[-0.3566973   0.34020211 -0.04730171]]|
38 2345 902.59750593054969 21516.635639190674 |[[ 0.67095195  0.43053548 -0.08275551]]|
39 2422 819.71915303786182 36989.363124847412 |[[-0.46957755  0.32569824 -0.03665621]]|
40 2472 498.52719463788901 30308.718902587891 |[[ 0.6156453   0.41936196 -0.0746395 ]]|
41 2530 579.99263145993802 39790.627109527588 |[[ 0.56761059  0.25687847 -0.08093814]]|
42 2572 1309.3035359107539 35330.682250976562 |[[ 0.63158516  0.34960519 -0.04130361]]|
43 2649 1179.6492652969407 59215.295150756836 |[[-0.6775417   0.32521408 -0.06261297]]|
44 2693 1218.7732742385933 34875.795913696289 |[[ 0.78075153  0.2838087   0.02845217]]|
45 2749 1176.0547859188225 40019.895858764648 |[[ 0.80556079  0.21742304 -0.04266873]]|
46 2795 1237.2700726885457 57497.392265319824 |[[ 0.66882926  0.30919248 -0.03092047]]|
47 2841 1312.8936630993342 49255.161743164062 |[[ 0.61266597  0.29557022 -0.04591646]]|
48 2893 882.0652424342826 52526.636764526367 |[[ 0.6902845   0.30113924 -0.05890102]]|
49 2939 1090.6731762999225 42586.812255859375 |[[ 0.7128041   0.2535035  -0.03721726]]|
50 3016 1112.8654220181847 85581.517189025879 |[[-0.02231826  0.29015527 -0.03268128]]|
51 3060 1361.3050511564018 37091.224998474121 |[[ 0.68958426  0.21086923 -0.04458907]]|
52 3102 1139.479700977781 39978.837753295898 |[[ 0.71165888  0.26923995 -0.04013999]]|
53 3143 1405.0360139674251 37649.804611206055 |[[ 0.66991432  0.14880831 -0.00389717]]|
54 3184 1304.8333220595712 31468.902587890625 |[[ 0.69232458  0.21964109 -0.02277872]]|
55 3230 1378.3203892306547 65439.491119384766 |[[ 0.61785071  0.20599609 -0.02487552]]|
56 3307 1419.4876557875964 83246.879081726074 |[[ 0.41481143  0.16674009 -0.02084234]]|
57 3359 491.08608756334144 55637.151588439941 |[[ 0.74267448  0.29233498 -0.02089646]]|
58 3399 1438.1017850266926 50138.906349182129 |[[ 0.70415053  0.19290343 -0.04839059]]|
59 3476 1290.3182669936643 108426.74304199219 |[[ 0.15710935  0.15068604 -0.04746688]]|
60 3522 1469.732594584741 34767.659477233887 |[[ 0.79340623  0.14581465 -0.02545472]]|
61 3569 953.02344998872684 46068.633453369141 |[[ 0.78097717  0.1902241  -0.03117042]]|
62 3609 1442.3659335662019 39530.174350738525 |[[ 0.83877342  0.12996136 -0.02547973]]|
63 3651 1293.5745260334913 34905.82787322998 |[[ 0.86167093  0.17312056 -0.02566657]]|
64 3728 1111.1672948154799 61499.234300613403 |[[-0.17012599  0.13819622 -0.02310408]]|
65 3767 1200.7706011797736 40843.431121826172 |[[ 0.81272196  0.13782008 -0.03041352]]|
66 3807 1465.1528584639625 44761.036041259766 |[[ 0.83437374  0.17659051 -0.03807171]]|
67 3884 1244.0866204945253 78546.925109863281 |[[ 0.07908646  0.1413467   0.00379912]]|
68 3925 1154.3994753230099 39171.927848815918 |[[ 0.81641072  0.15879117 -0.02083444]]|
69 3968 1421.7433973544571 59498.122276306152 |[[ 0.85853914  0.16859344 -0.02379953]]|
70 4008 1326.9369104284765 38404.063587188721 |[[ 0.89112399  0.13989514 -0.00304755]]|
71 4047 1352.1857577226046 45275.990953445435 |[[ 0.85358644  0.12556338 -0.01103246]]|
72 4099 1590.8741736325969 55814.620361328125 |[[ 0.56827224  0.13903287 -0.03082924]]|
73 4177 1366.8141677568453 78680.110279083252 |[[ 0.60622078  0.11795504 -0.0182899 ]]|
74 4245 1875.1515570023828 82669.088680267334 |[[ 0.86986234  0.08101678 -0.01178007]]|
75 4286 1496.0277370716615 49498.823516845703 |[[ 0.92361065  0.09856584 -0.00950933]]|
76 4324 1605.2724468017025 63920.551727294922 |[[ 0.83180702  0.09209637 -0.01941174]]|
77 4365 1538.6969944996024 44296.078712463379 |[[ 0.92901017  0.07325347 -0.0038798 ]]|
78 4406 1226.3607949828756 39748.676170349121 |[[ 0.92421671  0.07948129 -0.00838052]]|
79 4444 1398.6512871266984 34507.490272521973 |[[ 0.93134351  0.07530441 -0.00891838]]|
80 4489 1572.70187851541 61580.672920227051 |[[ 0.33908838  0.05475241 -0.00039186]]|
81 4527 1482.4165576116607 52750.082530975342 |[[ 0.90101937  0.05436613 -0.00970176]]|
82 4566 1465.1262483019641 47529.161964416504 |[[ 0.94308031  0.0594955  -0.00122793]]|
83 4607 1322.9788232462381 58926.733459472656 |[[ 0.94918451  0.05389481 -0.00443479]]|
84 4684 1503.6314211950857 77625.150928497314 |[[ 0.37074456  0.04738889 -0.00866817]]|
85 4722 1543.2945989392358 43113.457008361816 |[[ 0.92012368  0.02976637 -0.00658297]]|
86 4788 2360.0494248704558 73827.67765045166 |[[ 0.23578525  0.0194129  -0.00638927]]|
87 4829 1548.4847890941535 37014.389808654785 |[[ 0.30253342  0.02224232 -0.00299323]]|
88 4867 1377.2351376627121 34471.165245056152 |[[ 0.25508458  0.01361877 -0.00219864]]|
89 4921 2406.4111753457855 39469.342262268066 |[[ 0.65592778  0.01135326 -0.00283814]]|
90 4967 2299.1770528595298 63545.085655212402 |[[ 0.16281596  0.01886945 -0.00055421]]|
91 5014 1494.5874731401063 57067.046211242676 |[[  2.34986112e-01   4.73683809e-12   8.91939230e-24]]|
92 5052 1297.3364870008907 42774.003326416016 |[[ -9.40910652e-02   1.42127067e-06   2.13248429e-12]]|
93 5092 1308.1424884761632 46923.195083618164 |[[  3.72195780e-01   1.88982341e-09   5.12212859e-18]]|
94 5170 2676.8408985301676 81731.718360900879 |[[  1.24056228e-01   7.42825246e-12   3.05742494e-22]]|
95 5220 2216.9636209730616 49982.320293426514 |[[  2.20115870e-01   1.68031291e-03   3.51681564e-07]]|
96 5259 1609.7333933356135 34279.615152359009 |[[ -2.44600311e-01   3.17996293e-01   7.28721398e-06]]|
97 5304 1935.1050521256025 53523.313613891602 |[[  9.66300726e-01   2.07817211e-05   6.53025412e-11]]|
98 5344 1288.645712393218 45976.128929138184 |[[ -3.40694517e-01   1.44181267e-09   2.59964576e-16]]|
99 5395 1704.1127744256057 53750.88822555542 |[[  9.86845672e-01   1.51513802e-06   2.77774765e-12]]|
100 5445 1641.7649036247612 65109.263999938965 |[[  9.96072650e-01   5.45970124e-07   6.81421716e-13]]|
101 5481 1470.1456065060138 35970.65308380127 |[[  2.28590235e-01   7.54587527e-04   5.07657262e-07]]|
102 5530 1233.6691070973468 55179.368148803711 |[[  9.76614058e-01   4.50776815e-06   2.12541679e-10]]|
103 5579 1317.6814918594721 55286.509674072266 |[[  9.83304918e-01   3.55779571e-06   2.73360057e-10]]|
104 5624 1987.0344373759569 33445.932388305664 |[[  3.42891932e-01   1.22672618e-05   1.76221224e-08]]|
105 5672 1867.1071787374706 55879.290065765381 |[[  9.65225756e-01   6.02162572e-06   5.36583000e-09]]|
106 5709 1419.3154876369699 53696.329544067383 |[[ -1.26011744e-01   2.71229201e-05   6.25860537e-07]]|
107 5755 1355.5578720483954 56033.036880493164 |[[  9.82073307e-01   1.64560802e-07   2.94962526e-08]]|
108 5799 1801.7859637677811 56297.439254760742 |[[-0.03341087  0.02431581  0.20925418]]|
109 5833 1461.6892638315621 46259.728157043457 |[[-0.31358349  0.00148719  0.17328775]]|
110 5868 1456.4258783346972 35900.882354736328 |[[ -3.25164437e-01   5.03959791e-06   2.09265798e-02]]|
111 5949 1426.9608275723519 93448.330284118652 |[[ 0.89460766  1.          1.        ]]|
112 6028 2198.2754512488132 99542.699073791504 |[[  5.68986416e-01   1.76689514e-14   1.38137548e-12]]|
113 6075 1228.2149318375218 46510.987274169922 |[[  9.93131578e-01   8.87320866e-08   1.66690768e-07]]|
114 6117 1485.7055050114916 51589.717987060547 |[[  9.92467523e-01   1.15268051e-07   2.06713750e-07]]|
115 6167 1347.8474257240189 60391.287750244141 |[[  9.91284788e-01   8.09932956e-08   3.27253105e-08]]|
116 6218 2086.1912003968314 50187.939270019531 |[[  4.03241664e-01   1.43655893e-06   2.12807663e-07]]|
117 6261 1452.7261077878256 54837.074783325195 |[[  9.98596132e-01   1.01122399e-08   8.46388015e-10]]|
118 6303 1224.7862335186744 47439.05029296875 |[[  9.93755937e-01   8.11217689e-08   6.72374068e-09]]|
119 6348 1307.1536279212551 63016.822128295898 |[[  9.94877517e-01   5.70585534e-08   4.35952741e-09]]|
120 6394 1547.6970228061684 57929.793060302734 |[[  9.95823503e-01   4.06638172e-08   8.81388118e-09]]|
121 6443 1472.7178434249065 58094.694076538086 |[[  9.86767232e-01   6.05604214e-07   4.12516698e-07]]|
122 6492 1439.0095550935284 53660.911880493164 |[[  9.93666530e-01   1.20800905e-07   5.89005573e-08]]|
123 6541 1395.4034414678981 65371.782669067383 |[[  9.94692087e-01   1.93337385e-07   5.98435179e-07]]|
124 6590 1410.285237958826 58585.903915405273 |[[  9.94662881e-01   1.61881630e-07   1.00001307e-06]]|
125 6667 1729.0567371455688 83131.252239227295 |[[ -8.33684862e-01   3.48773609e-14   1.28358356e-13]]|
126 6716 1613.3969983230168 60174.356704711914 |[[  9.86417472e-01   4.02645753e-07   1.65274196e-06]]|
127 6809 2705.9274945096108 129118.7059173584 |[[ 0.9977743  1.         1.       ]]|
128 6853 1150.8345375411375 47765.732978820801 |[[  9.92804527e-01   1.29908315e-07   2.22217022e-06]]|
129 6932 1902.8398075259167 98554.080556869507 |[[ 0.98175323  1.          1.        ]]|
130 7009 2100.635727996405 90376.543739318848 |[[ 0.98329908  1.          1.        ]]|
131 7086 1302.0817240509009 97180.783157348633 |[[ -2.63527989e-01   7.58014460e-14   5.98456268e-07]]|
132 7164 1808.8748800113258 100094.1155090332 |[[ 0.99776512  0.76221794  1.        ]]|
133 7242 1674.183650031644 90955.462463378906 |[[  2.28908196e-01   3.95753632e-05   9.71831918e-01]]|
134 7322 1704.323242262989 100759.06601715088 |[[-0.5437876   0.00129407  0.99534696]]|
135 7401 1086.8409594167292 107351.2572517395 |[[ 0.31854916  1.          1.        ]]|
136 7478 1514.9734839770595 80710.998336791992 |[[-0.36890674  0.00327343  0.66000777]]|
137 7561 1453.319543749159 90817.337921142578 |[[ 0.98885638  0.99999523  1.        ]]|
138 7638 1115.3183311782716 115744.52990722656 |[[ -5.17856717e-01   4.36983333e-04   3.83742630e-01]]|
139 7715 1088.2078433686168 95941.172439575195 |[[ -4.06083852e-01   3.86706524e-05   6.34699881e-01]]|
140 7795 1112.817414329189 113393.11358642578 |[[ 0.51473689  1.          1.        ]]|
141 7873 1483.7515607202954 97293.321411132812 |[[-0.52968788  1.          1.        ]]|
142 7950 1815.5658679932708 109582.80477905273 |[[ 0.91882652  0.00513329  1.        ]]|
143 8027 1763.5939116336888 106312.30606079102 |[[ -6.04098320e-01   6.76093181e-09   9.99999523e-01]]|
144 8105 1487.1219773042078 133292.63565063477 |[[ 0.33295998  0.00324176  1.        ]]|
145 8188 1669.8075488908648 127477.99760437012 |[[ 0.94791979  0.99999988  1.        ]]|
146 8265 780.72792647271183 144116.46534729004 |[[ 0.95071423  0.71022749  0.99270964]]|
147 8342 1562.9612929715752 126027.51081848145 |[[ 0.95616519  0.99999869  1.        ]]|
148 8419 1548.0323523357124 134577.3918762207 |[[  9.40511763e-01   5.60600597e-08   1.00000000e+00]]|
149 8497 1507.455002089024 114827.98435211182 |[[ 0.82096481  1.          1.        ]]|
150 8577 1697.2726503238032 124669.60835266113 |[[ 0.95946246  0.99796742  1.        ]]|
151 8655 1602.3015930292952 123782.35450744629 |[[ 0.80503953  0.99999845  1.        ]]|
152 8732 1510.4926049728256 147270.81813049316 |[[ 0.64934254  0.99999368  1.        ]]|
153 8812 1712.2453007758354 129073.25589752197 |[[ 0.99637365  0.93001378  1.        ]]|
154 8889 1492.7330085556275 126976.7551574707 |[[ 0.02331032  0.9999994   1.        ]]|
155 8966 1458.6080426812246 132517.50736999512 |[[ 0.13177387  0.99999976  1.        ]]|
156 9053 634.9758943568213 178974.09457397461 |[[ 0.56720185  0.99631315  0.99767846]]|
157 9130 315.63407158945643 142043.64524841309 |[[ 0.51287502  0.99864441  0.99914789]]|
158 9212 554.26237281394458 170202.7903137207 |[[ 0.43153352  0.99346173  0.99508661]]|
159 9290 1435.9928401865313 138514.12307739258 |[[ 0.67975414  0.99999988  0.99999988]]|
160 9367 1483.0566814285633 116393.80804443359 |[[ 0.87256336  0.99977618  1.        ]]|
161 9447 336.54422011813932 127092.61051940918 |[[ 0.13167065  0.98556292  0.99256223]]|
162 9524 970.02941585658994 157694.9422454834 |[[ 0.23814519  0.97880644  0.9925741 ]]|
163 9601 1590.8435888220015 133775.39227294922 |[[ 0.97648287  0.77425396  1.        ]]|
164 9679 230.71769889623209 185377.99867248535 |[[ 0.32517162  0.98922104  0.99818915]]|
165 9760 1446.3164568324539 158737.19828796387 |[[ 0.8390379   0.99998963  0.99999988]]|
166 9838 1669.8267717919587 125520.22280883789 |[[ 0.80333209  0.99998653  0.99999976]]|
167 9915 445.91902035177475 101536.6869430542 |[[ 0.06997998  0.9696452   0.99212295]]|
168 9993 1496.0309568598598 173773.63993835449 |[[ 0.98521948  0.96746629  1.        ]]|
169 10070 533.28445422559798 153980.61407470703 |[[-0.07993125  0.99600828  0.99673414]]|
170 10149 1652.4860245216632 107714.53520202637 |[[  8.54773939e-01   2.13009898e-07   1.00000000e+00]]|
171 10226 1680.376668717335 146998.06448364258 |[[-0.66620064  0.50117207  0.61696112]]|
172 10303 1720.5897573965153 135134.3765411377 |[[-0.86790323  0.00206711  0.92967558]]|
173 10380 1712.5787914304194 144279.71476745605 |[[-0.55575198  0.59187877  0.67986596]]|
174 10458 1797.2803320477994 157181.19549560547 |[[  9.57619905e-01   1.58045884e-06   9.99949455e-01]]|
175 10535 1658.2755217343531 159866.85726928711 |[[-0.43221542  0.78037179  0.77339357]]|
176 10614 1751.2125890404927 153988.5133972168 |[[ -8.55668843e-01   8.84813562e-06   9.99528646e-01]]|
177 10691 1901.5193216088187 148917.94918823242 |[[  9.63722527e-01   3.40122439e-04   9.99994993e-01]]|
178 10770 1916.9301033706511 193042.7209777832 |[[ 0.98266196  0.02445181  0.99841523]]|
179 10847 1845.0168464630508 167489.24322509766 |[[ 0.83551294  0.00463315  0.9963147 ]]|
180 10925 1835.2103054483537 134500.4052734375 |[[ 0.97896564  0.03576897  0.99806422]]|
181 11002 1914.6328049744843 176866.82376098633 |[[-0.66454756  0.83751971  0.9520039 ]]|
182 11079 2037.0978340260242 169274.80685424805 |[[-0.9959901   0.04851864  0.99490404]]|
183 11156 1783.0926774865968 153310.56527709961 |[[-0.88013059  0.92447007  0.93549269]]|
184 11191 1562.4331160588795 43540.022583007812 |[[-0.59085447  0.98615927  0.77311891]]|
185 11268 1960.5554984241417 136480.66659545898 |[[ 0.6809122   0.99992537  0.99999464]]|
186 11310 2067.1489881123871 73651.393402099609 |[[-0.63950837  0.40839449  0.98743957]]|
187 11387 2161.46440332577 114789.65208435059 |[[-0.85307592  0.96596521  0.9670949 ]]|
188 11464 2358.2901172142656 125332.73300170898 |[[-0.71680033  0.911695    0.99510241]]|
189 11541 2153.9129374014988 118415.3486328125 |[[-0.73505998  0.3261272   0.96682692]]|
190 11619 2483.4070917833542 164467.43803405762 |[[ -9.52432573e-01   1.26463972e-04   9.99416113e-01]]|
191 11658 1816.9725515636303 56252.480392456055 |[[-0.51234758  0.19161025  0.98490971]]|
192 11735 2591.8259836393295 177392.95088195801 |[[-0.56044722  0.06940471  0.99857903]]|
193 11771 1620.1287299914848 59236.845031738281 |[[  9.75615919e-01   1.62815728e-09   9.99998331e-01]]|
194 11848 1988.63377363726 137391.61666870117 |[[-0.32803342  0.58295935  0.94118404]]|
195 11925 1881.5868646653591 133462.60835266113 |[[-0.70327628  0.32624084  0.98312932]]|
196 12002 2017.151465026694 151528.16195678711 |[[-0.68165392  0.2457508   0.98095667]]|
197 12079 1976.1105779979966 128207.36798095703 |[[-0.54505706  0.32066536  0.98281646]]|
198 12156 1753.4204210394685 144148.10836791992 |[[-0.5192591   0.19119622  0.98731017]]|
199 12233 1715.7256777151711 161306.03546142578 |[[-0.55551881  0.06755301  0.9933269 ]]|
200 12310 1716.5550288130187 149091.43144226074 |[[ 0.99462759  0.00159772  0.99999356]]|
201 12387 1673.2131775621974 121986.94407653809 |[[-0.49807596  0.49659902  0.9857685 ]]|
202 12464 1682.667132660878 123300.70442199707 |[[ 0.89227128  0.11941151  0.99957007]]|
203 12542 1977.9253947162285 138266.43360900879 |[[-0.60851127  0.12977852  0.99534851]]|
204 12619 1804.3527240296744 111966.24131774902 |[[-0.31353337  0.82487041  0.98086721]]|
205 12699 1714.0652447635398 116735.28588867188 |[[ 0.99293566  0.01273926  1.        ]]|
206 12779 1530.234471635358 138449.62942504883 |[[-0.97877944  0.02454831  0.99988306]]|
207 12858 1864.5643696698532 137555.33264160156 |[[ -9.46780384e-01   1.47274550e-04   9.99972939e-01]]|
208 12935 1653.0013450694089 123517.01522827148 |[[-0.31722689  0.16682371  0.99508458]]|
209 13012 1891.9953899198947 108252.01223754883 |[[-0.38079706  0.78141075  0.98694116]]|
210 13089 1900.7477132126191 127104.75384521484 |[[-0.98828495  0.00414268  0.99989831]]|
211 13166 1916.6751308252274 92737.140533447266 |[[-0.79506195  0.00334599  0.99957842]]|
212 13204 1955.532373322663 69198.398223876953 |[[-0.38496026  0.67523569  0.99573576]]|
213 13283 1827.5900321116767 140508.78506469727 |[[ 0.81017911  0.9808374   0.99317992]]|
214 13364 1961.9346537120744 137281.6089630127 |[[ 0.76228368  0.96999401  0.99086642]]|
215 13444 1855.8332169504893 106831.39672851562 |[[ 0.95689791  0.99987543  1.        ]]|
216 13521 1700.6818708034425 141831.57574462891 |[[-0.09151646  0.96761775  0.99429578]]|
217 13598 2186.9592356986186 241089.85781860352 |[[ 0.26836926  0.45580509  0.99987721]]|
218 13677 1793.1102383055709 163609.45886230469 |[[ 0.99764132  0.84364021  1.        ]]|
219 13758 2228.1935797641904 126018.45007705688 |[[ 0.99279541  0.90328437  0.99996817]]|
220 13835 2144.1122789152637 102417.80950927734 |[[-0.36358985  0.7907232   0.95809913]]|
221 13913 2326.9642879749731 166049.22662353516 |[[-0.95803916  0.00249015  0.99999583]]|
222 13990 2445.1317660984787 115352.40133666992 |[[ 0.95947957  0.99556988  0.99999988]]|
223 14067 1973.3315882595371 91613.669357299805 |[[ 0.6770134   0.99999988  0.99999988]]|
224 14144 2355.8967107101271 100516.30018615723 |[[ 0.99836403  0.39985377  0.99999988]]|
225 14221 1548.637650908528 126412.22592163086 |[[-0.758461    0.1295007   0.99963188]]|
226 14298 2049.8906277514952 149512.2371673584 |[[-0.70747453  0.97573131  0.99081367]]|
227 14375 2433.819248620528 92676.679565429688 |[[ 0.88410562  0.99406755  0.99833328]]|
228 14452 1871.3572147071075 120855.61112213135 |[[ 0.44992495  1.          1.        ]]|
229 14529 2041.8051392406571 133146.41436767578 |[[ 0.91766596  0.97676486  0.99833763]]|
230 14606 2014.6208768847084 126128.03639221191 |[[ 0.99351287  0.98651809  0.99994361]]|
231 14683 2177.891707122807 136824.11965942383 |[[-0.79393005  0.93126369  0.9967159 ]]|
232 14761 2108.713562927479 130682.20434570312 |[[-0.28225645  0.80355948  0.99227977]]|
233 14839 2041.4417783670763 115838.56344604492 |[[ -8.01740944e-01   1.00316327e-04   9.99999285e-01]]|
234 14917 1878.9320188706772 135452.62336730957 |[[-0.67365414  0.08140806  0.99987638]]|
235 14996 1675.9188623502034 160390.14451599121 |[[ 0.91491508  1.          1.        ]]|
236 15075 1738.539677025954 153882.78706359863 |[[ 0.39101103  1.          1.        ]]|
237 15153 2200.6358665232847 100346.35437011719 |[[-0.33017612  0.86736476  0.99341351]]|
238 15230 1994.5947107454069 140636.82627105713 |[[-0.51173621  0.96454066  0.9954266 ]]|
239 15310 2444.5568904699276 107083.90551757812 |[[-0.87483656  0.98084301  0.999964  ]]|
240 15387 1892.5176827013881 119326.44258117676 |[[-0.64259613  0.94242841  0.99828845]]|
241 15464 2452.4722852478835 174310.53375244141 |[[-0.43332204  0.63575017  0.99932921]]|
242 15541 2485.6621070740139 130068.45137023926 |[[-0.41765392  0.90535438  0.99464816]]|
243 15619 2157.6686960233833 107123.50155639648 |[[-0.07495212  0.76937371  0.99957329]]|
244 15699 2213.0128826976943 133991.84609985352 |[[-0.40687689  0.99566108  0.99998176]]|
245 15776 2506.9139816392303 136290.90337371826 |[[-0.48795003  0.98318118  0.9958294 ]]|
246 15853 2281.8589282916773 131247.7512512207 |[[-0.3065798   0.76848495  0.99982893]]|
247 15932 2134.0961214313079 85231.960098266602 |[[-0.2282262   0.89150912  0.99542302]]|
248 16011 2139.1037145901682 109963.34429931641 |[[-0.84787565  0.98126203  0.99999642]]|
249 16088 2061.2264570988145 131156.40933227539 |[[-0.55650085  0.9749561   0.99839181]]|
250 16165 2028.8864259625743 102721.82577514648 |[[-0.6188283   0.96408314  0.99929178]]|
251 16245 2181.8033956980244 133298.4352722168 |[[-0.07853393  0.80314386  0.99952197]]|
252 16311 3735.118383331459 82355.809692382812 |[[ 0.43283358  0.22964081  0.99994302]]|
253 16376 3204.4545513580115 108358.04681396484 |[[ 0.23752968  0.78993469  0.99978548]]|
254 16453 2485.8544650369522 149454.47412109375 |[[-0.25577274  0.79661381  0.99979967]]|
255 16542 4623.3440550750765 125695.46951293945 |[[-0.65924513  0.87379593  1.        ]]|
256 16623 3016.1600871729224 103408.19006347656 |[[-0.19917192  0.85661298  0.99995339]]|
257 16702 2352.8947931566336 100357.42641448975 |[[-0.70552289  0.99995697  0.99999964]]|
258 16756 2946.5295013464729 91154.891082763672 |[[-0.09326144  0.45548227  0.99994051]]|
259 16838 3198.5608366715414 136989.14175415039 |[[-0.42362878  0.83814526  0.99999404]]|
260 16915 2673.1933825951796 148104.47326660156 |[[-0.70096743  1.          1.        ]]|
261 16995 3097.9448818678125 118124.92861938477 |[[-0.12456933  1.          1.        ]]|
262 17072 2195.1820707973234 125864.50006866455 |[[-0.36416104  0.94100493  0.999681  ]]|
263 17149 2260.1482589923535 132749.84262084961 |[[-0.36554599  0.97812188  0.99937421]]|
264 17227 2764.2092734320777 124816.55812072754 |[[-0.39869279  0.98841852  1.        ]]|
265 17304 4586.7182907143106 96159.732696533203 |[[ 0.07473291  0.62122691  0.99998105]]|
266 17382 2250.372235582618 127716.3738861084 |[[-0.5063163   0.97660041  1.        ]]|
267 17463 2222.5235954893419 112139.57885742188 |[[-0.02481899  0.39226678  0.99997759]]|
268 17542 2004.925405540771 145896.63170623779 |[[-0.03093467  0.91360933  0.99998617]]|
269 17626 2553.3877331709136 136990.05604553223 |[[ 0.24402489  0.9987852   1.        ]]|
270 17703 2199.948032043113 116626.2099609375 |[[-0.12084564  0.95672745  0.99993122]]|
271 17784 2654.253013869386 140606.87677001953 |[[ 0.91440058  1.          1.        ]]|
272 17861 2271.3334971414497 108427.47639465332 |[[-0.188576    0.99364412  0.99998021]]|
273 17938 2461.3578262879337 112276.53268432617 |[[-0.07268947  0.74173552  1.        ]]|
274 17983 2370.842786368713 63712.949417114258 |[[ 0.20173469  0.81518447  0.99999869]]|
275 18062 2544.9321333132607 136000.77871704102 |[[ 0.11037678  1.          1.        ]]|
276 18139 2503.0670437680205 124287.21112060547 |[[-0.8844955  1.         1.       ]]|
277 18217 3114.6386932067712 125234.40591430664 |[[-0.61955208  1.          1.        ]]|
278 18286 3546.6289390052484 139724.11450195312 |[[ 0.0157401   0.0833085   0.99998784]]|
279 18324 1783.1749523075332 56136.584625244141 |[[ 0.05528444  0.54468787  0.99990296]]|
0 63 -596.60450242325828 106777.28875732422 |[[ 0.01970807  0.5641877  -0.01791908]]|
1 204 10044.608362102354 342257.90493774414 |[[ 0.29006382  0.61410965  0.03159456]]|
2 325 8935.6584132272419 319994.32537841797 |[[ 0.03434709  0.66972893  0.07099447]]|
3 451 8360.3148090625673 241676.69590759277 |[[ 0.06327619  0.70862343  0.09707275]]|
4 573 7551.44294928418 246205.79907226562 |[[-0.2085595   0.70994329 -0.07927239]]|
5 696 9334.0445099773569 195394.45840454102 |[[ 0.2379557   0.62843962 -0.09994275]]|
6 804 7414.3192808878184 183557.24240112305 |[[ 0.34951426  0.74002331 -0.02037605]]|
7 958 12320.663340051397 227785.89073181152 |[[ 0.42255959  0.59449099 -0.13001132]]|
8 1115 10605.186188164223 230673.39291381836 |[[ 0.30498385  0.76158817 -0.07284436]]|
9 1269 10424.374927721095 212544.67330932617 |[[ 0.25411717  0.75932721 -0.07170419]]|
10 1424 12493.414717859263 230491.48382568359 |[[ 0.46732162  0.72432737 -0.04239213]]|
11 1576 12492.050015511122 195891.42842102051 |[[ 0.38493809  0.71529548 -0.03689474]]|
0 736 1199.0030199816072 773192.99760007858 |[[-0.14472286  0.67903225  0.20222559]]|
0 2826 1594.7475209044928 244606.55781012774 |[[-0.38465448  0.79477198  0.5258211 ]]|
1 3087 265.130853681779 62913.439781963825 |[[-0.62871951  0.86794017  0.63932005]]|
2 3413 100.15621445620143 67924.371013402939 |[[-0.04605993  0.87485001  0.41975558]]|
3 3465 2210.7673242086535 63040.410715341568 |[[-0.63515571  0.9357451   0.69616894]]|
4 3540 4670.8377680961285 172890.7411904335 |[[ 0.33713158  0.90356959  0.71437504]]|
5 3582 1571.9173386704736 100008.40649151802 |[[-0.25693761  0.85191952  0.69782351]]|
6 3656 2989.236161556908 165171.82111239433 |[[-0.70337008  0.91425785  0.74774352]]|
7 4307 369.48299199920109 397282.50249266624 |[[ 0.73863067  0.96541097 -0.0092495 ]]|
8 4444 15601.472801525822 81349.56139421463 |[[ 0.86874391  0.96409915 -0.00891838]]|
9 4553 10903.43433720997 93244.484946966171 |[[ -6.32031123e-01   9.61155161e-01   1.70863930e-05]]|
10 4693 15138.990701830717 141100.35320520401 |[[ 0.79319896  0.96313429 -0.00641885]]|
11 4855 16424.315207989061 154847.00211668015 |[[ 0.03416948  0.99388065 -0.00288203]]|
12 5004 11117.412169998501 194655.35599184036 |[[ -1.24855846e-01   1.00000000e+00   3.91623817e-11]]|
13 5140 14489.911009856522 125677.026679039 |[[ -8.36688280e-02   1.00000000e+00   3.79212807e-12]]|
14 5182 1889.1363071572168 52630.510136604309 |[[  5.95991492e-01   1.00000000e+00   2.91025844e-06]]|
15 5211 591.10339015746331 27565.316802978516 |[[ -9.14082378e-02   1.00000000e+00   1.34396350e-09]]|
16 5271 3411.660744021995 59117.510501861572 |[[  8.41517508e-01   1.00000000e+00   3.99821374e-06]]|
17 5313 1590.8238035792006 44682.435859680176 |[[  4.48258609e-01   1.00000000e+00   3.02067094e-10]]|
18 5371 3033.0881837270044 73196.629953384399 |[[  5.40044546e-01   1.00000000e+00   1.22946460e-06]]|
19 5440 4252.6383242945931 109198.12014484406 |[[  5.29525995e-01   1.00000000e+00   2.24970959e-10]]|
20 5511 4255.9536170455685 93068.553207397461 |[[  5.72362661e-01   1.00000000e+00   3.65098451e-10]]|
21 5564 2607.959063711372 67648.507591247559 |[[  4.80223030e-01   1.00000000e+00   5.88298799e-10]]|
22 5627 3383.5810083695033 61601.067089080811 |[[  7.54872739e-01   1.00000000e+00   7.82694298e-10]]|
23 5692 3729.7204582565264 61615.31665802002 |[[  7.20687389e-01   1.00000000e+00   1.23122423e-09]]|
24 5763 3328.8695320966531 126344.77058982849 |[[  8.31767201e-01   1.00000000e+00   6.27158880e-10]]|
25 5919 13735.787981098876 298625.03179550171 |[[ -6.22954853e-02   1.00000000e+00   7.41708639e-11]]|
26 6054 15265.242225913917 284936.01584243774 |[[ -3.28085214e-01   1.00000000e+00   4.11705988e-13]]|
27 6131 6305.3568723314793 102476.12509155273 |[[  6.01121545e-01   1.00000000e+00   4.42254349e-12]]|
28 6280 16022.368384885454 257098.46654891968 |[[  1.85522586e-01   1.00000000e+00   2.51466792e-10]]|
29 6345 3914.3996190580842 129468.64675140381 |[[ -8.65719467e-02   1.00000000e+00   1.16346954e-09]]|
30 6422 6832.6767947365179 101598.15283966064 |[[  6.99027181e-01   1.00000000e+00   2.22353158e-08]]|
31 6556 15054.324823205347 238108.7052230835 |[[ -4.56275523e-01   1.00000000e+00   4.27815526e-11]]|
32 6621 3447.9737156980323 124869.21160125732 |[[  9.55099940e-01   1.00000000e+00   3.76882170e-09]]|
33 6759 15461.432663285981 319281.90159606934 |[[ -2.68031418e-01   1.00000000e+00   6.23714014e-09]]|
34 6836 6299.7955751119034 131752.45327758789 |[[-0.82359266  0.99999726  0.48621488]]|
35 6924 4662.3124627558127 169767.94806289673 |[[ 0.44942886  1.          0.99908864]]|
36 7056 16477.204041947905 284667.27354431152 |[[ -9.96006280e-03   1.00000000e+00   4.23255125e-10]]|
37 7190 16345.292763643112 337551.08414077759 |[[ -2.85945326e-01   1.00000000e+00   4.92946628e-10]]|
38 7266 3288.6438217052705 160979.91490936279 |[[-0.80364907  1.          0.9996829 ]]|
39 7343 3351.6464639065762 204765.41201782227 |[[-0.1619477   1.          0.95424634]]|
40 7478 16502.34552092358 334356.24381256104 |[[ -7.47959167e-02   1.00000000e+00   8.52540349e-09]]|
41 7558 6551.2627306977702 249254.56776428223 |[[ 0.41720763  1.          0.0103151 ]]|
42 7711 16391.245732130945 468284.13604736328 |[[  1.09955050e-01   1.00000000e+00   9.68051403e-11]]|
43 7783 6218.51974636455 223139.81161499023 |[[-0.45520899  0.99999452  0.00146255]]|
44 7927 16438.529687519946 430096.87171173096 |[[  1.11905590e-01   1.00000000e+00   1.72376588e-12]]|
45 8073 16316.087012450365 448867.27569580078 |[[ -7.75680616e-02   1.00000000e+00   5.53629928e-12]]|
46 8221 16540.437109791212 462727.17021179199 |[[ -1.41177446e-01   1.00000000e+00   1.07028882e-11]]|
47 8378 15951.698540770432 607490.04396820068 |[[ -4.27527726e-02   1.00000000e+00   1.62182663e-11]]|
48 8455 6985.989020871496 295095.69398498535 |[[  2.19700515e-01   1.00000000e+00   1.06888734e-07]]|
49 8595 17000.591336179237 612657.27052307129 |[[ -2.15744033e-01   1.00000000e+00   3.59516605e-12]]|
50 8738 16855.413733835256 479210.44387817383 |[[ -2.71527976e-01   1.00000000e+00   5.03297515e-10]]|
51 8796 3704.1984548230362 431634.4030456543 |[[ -2.75737286e-01   9.99994040e-01   2.39275876e-04]]|
52 8943 16502.080209462663 865651.48957824707 |[[ -1.37253717e-01   1.00000000e+00   3.01745608e-11]]|
53 9025 6340.8430713270918 397054.49475097656 |[[ -5.53791165e-01   9.99995589e-01   9.10658582e-06]]|
54 9102 6957.5753186444772 316094.92498779297 |[[  4.32272404e-02   9.99986410e-01   7.70206272e-04]]|
55 9179 6583.6228955387833 479988.57623291016 |[[ 0.18568252  0.99980706  0.00745253]]|
56 9320 17237.970050219126 696310.18115234375 |[[ -2.19585299e-01   1.00000000e+00   1.20087013e-11]]|
57 9453 15527.626295293941 488083.60290527344 |[[ -8.81506622e-01   1.00000000e+00   2.41970866e-09]]|
58 9552 6594.0398838817682 408035.52243804932 |[[  5.63299298e-01   1.00000000e+00   1.61204397e-07]]|
59 9705 16232.490954110752 992176.62307739258 |[[ -2.73340315e-01   1.00000000e+00   4.32548962e-11]]|
60 9848 17015.241436583521 968806.45900344849 |[[ -4.25253570e-01   1.00000000e+00   4.41939159e-11]]|
61 9981 16702.899725133655 695607.94937133789 |[[ -2.88996398e-01   1.00000000e+00   1.15450711e-10]]|
62 10060 5388.8994345295932 475302.46113586426 |[[  5.89604974e-01   1.00000000e+00   1.01546748e-05]]|
63 10139 5232.8525389445176 443390.53927612305 |[[  5.01815438e-01   1.00000000e+00   8.08116511e-06]]|
64 10294 16425.045796124377 982713.19882202148 |[[  1.07657515e-01   1.00000000e+00   3.68164700e-11]]|
65 10398 11134.892839763477 554262.01754760742 |[[ -8.19089115e-01   1.00000000e+00   1.12575487e-08]]|
66 10542 16326.645763870605 794825.63952636719 |[[ -4.65978742e-01   1.00000000e+00   7.12421303e-11]]|
67 10694 18540.041547145447 913125.24017333984 |[[ -1.96735933e-01   1.00000000e+00   6.96001286e-12]]|
68 10840 17118.155598230082 967856.19116210938 |[[ -7.10009933e-01   1.00000000e+00   1.14891881e-10]]|
69 10985 16880.386882440271 693912.05731201172 |[[ -3.88184160e-01   1.00000000e+00   3.87598321e-11]]|
70 11131 17512.732506160486 981473.38150024414 |[[ -2.39578217e-01   1.00000000e+00   8.87459550e-12]]|
71 11283 17655.487826108696 1015668.2245788574 |[[ -2.51318477e-02   1.00000000e+00   1.98970809e-12]]|
72 11432 18493.218478606392 1163951.1469268799 |[[ -9.87535790e-02   1.00000000e+00   2.29224192e-12]]|
73 11566 16753.482480596107 1006297.4655456543 |[[  4.09046501e-01   1.00000000e+00   5.89468578e-12]]|
74 11726 18048.088229852321 863326.10546875 |[[ -2.91627467e-01   1.00000000e+00   3.31292736e-11]]|
75 11878 18368.06784752939 963555.89758300781 |[[  4.68064696e-02   1.00000000e+00   1.05184557e-12]]|
76 12014 16858.215349843016 985944.95941162109 |[[  2.15693027e-01   1.00000000e+00   1.24490496e-11]]|
77 12155 16708.852268179362 1233079.9904785156 |[[ -3.49803746e-01   1.00000000e+00   1.74352061e-11]]|
78 12300 17800.310144163654 1049147.1657562256 |[[ -2.43457332e-02   9.99999523e-01   4.94952928e-07]]|
79 12445 17233.584650742298 1105749.7372436523 |[[ -9.47616920e-02   1.00000000e+00   2.00777828e-12]]|
80 12584 17156.537743739329 1480937.8160400391 |[[  2.49724135e-01   1.00000000e+00   1.29484687e-11]]|
81 12737 18343.196381478381 1053533.2231445312 |[[  2.72831377e-02   1.00000000e+00   1.13138145e-12]]|
82 12871 17084.914917835504 955961.21701049805 |[[ -2.24576905e-01   1.00000000e+00   2.40706604e-11]]|
83 13005 17297.093512614589 1011643.0142211914 |[[  1.35286808e-01   1.00000000e+00   2.55020224e-11]]|
84 13154 16619.887011739836 847245.75741577148 |[[  2.10758876e-02   1.00000000e+00   4.04723824e-12]]|
85 13289 16369.839741866557 1274383.2108154297 |[[  5.79821654e-02   1.00000000e+00   2.94878844e-11]]|
86 13456 17515.132463275964 1450924.7461547852 |[[ -2.71128982e-01   1.00000000e+00   2.49261913e-11]]|
87 13592 16194.304111424482 1229364.9196472168 |[[  2.98920959e-01   1.00000000e+00   3.28665081e-11]]|
88 13735 17448.15423756048 1337173.0005187988 |[[  3.48599285e-01   1.00000000e+00   5.02263031e-09]]|
89 13877 17112.063348036463 1089953.6162109375 |[[  7.74274021e-03   1.00000000e+00   2.54938366e-12]]|
90 14028 18208.962811986043 1348114.6429748535 |[[  7.24897832e-02   1.00000000e+00   2.52793316e-12]]|
91 14159 16625.834681415312 787478.53421020508 |[[  2.70056903e-01   1.00000000e+00   2.26454393e-11]]|
92 14301 17334.137989268096 1521567.6276855469 |[[  1.15636781e-01   1.00000000e+00   1.59603624e-12]]|
93 14450 18394.664233071289 1307754.4261932373 |[[  3.45892459e-01   1.00000000e+00   1.09460618e-12]]|
94 14581 17545.831113507997 859083.74673461914 |[[  4.86684859e-01   1.00000000e+00   1.62231155e-12]]|
95 14726 17481.68698288071 1217496.1452026367 |[[  3.42893839e-01   1.00000000e+00   5.54434808e-13]]|
96 14878 17461.155736468834 1437718.3759765625 |[[  6.77482411e-02   1.00000000e+00   2.88078995e-13]]|
97 15020 17302.411074176522 1411791.0746154785 |[[  3.98632228e-01   1.00000000e+00   3.87209985e-13]]|
98 15153 17477.263310465416 1298302.453338623 |[[  3.59418482e-01   1.00000000e+00   4.48429325e-13]]|
99 15287 16830.457009163078 1599365.9865722656 |[[ -5.94749581e-03   1.00000000e+00   8.88292738e-12]]|
100 15435 18483.115474352468 1586848.7790527344 |[[  2.42634386e-01   1.00000000e+00   1.33946443e-13]]|
101 15568 17137.947379877376 1158692.0689697266 |[[  7.87058547e-02   1.00000000e+00   5.39365948e-12]]|
102 15703 17179.855452176664 1413830.7627258301 |[[ -2.09222347e-01   1.00000000e+00   1.63990852e-11]]|
103 15853 17879.860564887666 1489779.6484680176 |[[ -6.70512244e-02   1.00000000e+00   6.71185858e-14]]|
104 16002 19035.631496615937 1275264.3191223145 |[[  2.83918321e-01   1.00000000e+00   1.90520492e-13]]|
105 16135 17429.276382664895 1052106.5845031738 |[[  1.41236633e-01   1.00000000e+00   7.75685831e-13]]|
106 16268 17259.967321193231 1472460.4946289062 |[[  5.98662555e-01   1.00000000e+00   7.17649410e-13]]|
107 16418 18700.142049055048 1827714.5662536621 |[[  9.26372558e-02   1.00000000e+00   3.01067358e-14]]|
108 16568 18567.797634757382 1643757.5460205078 |[[  3.32574606e-01   1.00000000e+00   1.65000561e-14]]|
109 16702 17381.637434424214 1832523.2900695801 |[[  1.49462903e-02   1.00000000e+00   6.65249485e-13]]|
110 16835 16809.530761170692 2072377.2713012695 |[[ -5.80850206e-02   1.00000000e+00   7.62701013e-12]]|
111 16985 18439.472862154831 2115696.9343261719 |[[  5.49671292e-01   1.00000000e+00   7.00676835e-15]]|
112 17136 18466.094983570991 1416190.5545043945 |[[  4.39715207e-01   1.00000000e+00   4.73684033e-15]]|
113 17270 17062.231288464951 1522682.7962646484 |[[  3.15876633e-01   1.00000000e+00   4.44549372e-13]]|
114 17402 16957.510478198357 1300655.0754394531 |[[ -1.52459890e-01   1.00000000e+00   9.92187344e-13]]|
115 17536 16611.715291827302 1490869.0953979492 |[[ -1.33328944e-01   1.00000000e+00   1.43141185e-12]]|
116 17696 17275.791239018865 1752095.4899902344 |[[  9.98525172e-02   1.00000000e+00   3.44999325e-16]]|
117 17830 17471.418186418938 1818582.8432617188 |[[ -3.07612151e-01   1.00000000e+00   6.66887064e-13]]|
118 17966 16675.164615273559 2260837.4895019531 |[[ -4.03968662e-01   1.00000000e+00   5.67429187e-13]]|
119 18204 27560.266054313004 3710667.0561218262 |[[  6.85375929e-01   1.00000000e+00   5.08663435e-17]]|
120 18338 17338.929415606421 2114331.1356811523 |[[ -3.22299421e-01   1.00000000e+00   1.68459864e-13]]|
121 18472 17466.005329259162 2162957.1029052734 |[[ -4.36341822e-01   1.00000000e+00   3.61002894e-12]]|
122 18633 17434.92518107429 2441054.0645751953 |[[  6.09405152e-02   1.00000000e+00   7.83272542e-17]]|
123 18766 17335.564577913778 1828269.2667236328 |[[ -4.15854603e-01   1.00000000e+00   9.00745001e-14]]|
124 18907 16914.738842878236 1689208.1309814453 |[[ -4.96767387e-02   1.00000000e+00   1.11865852e-13]]|
125 19039 17137.799230737139 1850132.1624755859 |[[ -1.54883778e-02   1.00000000e+00   9.47619719e-15]]|
126 19196 17551.335821404769 2609154.2092285156 |[[  7.95784965e-02   1.00000000e+00   3.11188887e-17]]|
127 19325 17059.713776242221 2039259.9454345703 |[[  8.93311322e-01   1.00000000e+00   2.63950521e-17]]|
128 19486 17582.594376421584 2216969.8466186523 |[[  1.39737427e-01   1.00000000e+00   1.72073287e-17]]|
129 19631 18029.966560922909 2563316.1967163086 |[[  2.73333520e-01   1.00000000e+00   3.84187874e-17]]|
130 19767 16759.225179251549 2166858.9400634766 |[[ -2.28789225e-01   1.00000000e+00   2.01051994e-14]]|
131 19926 16996.223715934386 2615272.7359008789 |[[  3.13416183e-01   1.00000000e+00   2.18588950e-18]]|
132 20073 18139.78330430419 2813104.9377441406 |[[  2.35401213e-01   1.00000000e+00   1.64023199e-17]]|
133 20201 17374.54647340675 1835057.0981445312 |[[  8.02919030e-01   1.00000000e+00   7.19300213e-18]]|
134 20343 17578.284906775109 2703916.2331542969 |[[  5.98788738e-01   1.00000000e+00   6.43207042e-17]]|
135 20493 18445.762301436913 2715907.2760620117 |[[  6.34947419e-01   1.00000000e+00   5.72361586e-18]]|
136 20644 19129.411648178982 3433863.3347167969 |[[  5.54819822e-01   1.00000000e+00   1.21910230e-18]]|
137 20777 16923.654917820331 2128196.444152832 |[[  5.13125539e-01   1.00000000e+00   7.71596789e-17]]|
138 20908 17242.006087022699 2747810.694519043 |[[  7.40740776e-01   1.00000000e+00   3.73163971e-17]]|
139 21057 18489.293936020975 2389989.2771606445 |[[  3.04244757e-01   1.00000000e+00   7.56063191e-19]]|
140 21192 17258.193320071605 2413273.1759643555 |[[ -4.08123851e-01   1.00000000e+00   3.82297945e-15]]|
141 21350 18848.076522391431 3033844.1044921875 |[[  3.93463999e-01   1.00000000e+00   7.72134896e-19]]|
142 21494 17774.916256120774 3483260.0023193359 |[[  5.60692668e-01   1.00000000e+00   4.64329875e-19]]|
143 21628 16765.262463682375 2849167.8619384766 |[[ -2.45465875e-01   1.00000000e+00   1.15971939e-15]]|
144 21779 18778.994794545608 3008123.1561279297 |[[  4.06994581e-01   1.00000000e+00   7.37822100e-20]]|
145 21951 17969.724784298185 3607819.0419921875 |[[  1.45822037e-02   1.00000000e+00   3.50639173e-18]]|
146 22090 17294.854387824696 3432533.2614135742 |[[  2.45244890e-01   1.00000000e+00   9.37528574e-19]]|
147 22232 17781.379031380744 3010755.9644775391 |[[  3.96091908e-01   1.00000000e+00   7.23451970e-20]]|
148 22383 18205.619188905315 2461091.7589111328 |[[  6.01720884e-02   1.00000000e+00   2.82499405e-21]]|
149 22521 17551.575979457928 2957963.6280517578 |[[ -3.49089861e-01   1.00000000e+00   5.44878243e-16]]|
150 22670 17360.038012786034 2773413.5022583008 |[[ -8.26633796e-02   1.00000000e+00   4.67157885e-21]]|
151 22824 17586.152740642461 3284529.3599853516 |[[  1.17456019e-01   1.00000000e+00   2.46794667e-20]]|
152 22973 18100.756579322198 4091693.4946289062 |[[  4.59018260e-01   1.00000000e+00   3.85026322e-21]]|
153 23133 17579.274236455178 3775315.1928100586 |[[  1.29400194e-01   1.00000000e+00   2.87703063e-23]]|
154 23271 17645.379535325887 2955447.8262939453 |[[ -4.49722767e-01   1.00000000e+00   1.74588552e-16]]|
155 23402 16696.044788217881 3068103.1522827148 |[[ -1.41708925e-01   1.00000000e+00   8.16807602e-18]]|
156 23535 16983.338549007753 3790667.9992675781 |[[ -4.05169725e-01   1.00000000e+00   2.89008502e-17]]|
157 23667 16233.168598134713 2260655.4812011719 |[[ -4.18253303e-01   1.00000000e+00   6.79144466e-17]]|
158 23801 17141.160108103213 2335224.7930908203 |[[ -5.23316026e-01   1.00000000e+00   1.33179106e-17]]|
159 23942 17108.090916271871 3001371.6323852539 |[[  4.56254482e-01   1.00000000e+00   2.27291845e-21]]|
160 24075 17103.137753885636 3556404.9724121094 |[[  2.16123328e-01   1.00000000e+00   3.48165231e-19]]|
161 24207 17373.881517238355 3816684.8255615234 |[[  4.48047183e-02   1.00000000e+00   1.41795326e-19]]|
162 24340 17319.153180554924 3783011.5737304688 |[[ -5.39192855e-01   1.00000000e+00   2.60993723e-18]]|
163 24480 17165.343535506192 3954059.6629638672 |[[  4.74328697e-01   1.00000000e+00   2.03247081e-21]]|
164 24619 17122.53619873296 3272106.2541503906 |[[  4.94455576e-01   1.00000000e+00   1.95909340e-22]]|
165 24758 17092.908476275352 3713647.2238769531 |[[  6.66216135e-01   1.00000000e+00   1.95444290e-22]]|
166 24888 17149.118670838758 4902144.5344238281 |[[ -1.54797167e-01   1.00000000e+00   1.01321476e-19]]|
167 25027 17093.815591705836 4535325.3645019531 |[[  6.66297436e-01   1.00000000e+00   2.47195655e-23]]|
168 25165 17201.891624522796 3478357.1418457031 |[[  5.79423189e-01   1.00000000e+00   6.55261341e-22]]|
169 25309 17063.014020451257 3858567.3068847656 |[[  2.78850257e-01   1.00000000e+00   2.79006534e-24]]|
170 25442 16981.353582181709 3578911.2139892578 |[[  4.10381369e-02   1.00000000e+00   3.12894052e-21]]|
171 25575 16403.159987505402 4326523.45703125 |[[ -3.26841056e-01   1.00000000e+00   4.20711200e-20]]|
172 25718 17247.391811087873 4281269.0671386719 |[[  3.09850901e-01   1.00000000e+00   3.06793646e-24]]|
173 25855 17120.998198980433 4810765.8010253906 |[[  3.79991889e-01   1.00000000e+00   4.89772876e-23]]|
174 25986 16507.936030744331 3127516.0855712891 |[[  1.67317361e-01   1.00000000e+00   8.04980476e-22]]|
175 26122 16759.418374068933 4279576.3317871094 |[[ -6.19525492e-01   1.00000000e+00   3.07760302e-19]]|
176 26261 16761.842042214368 3799803.8952636719 |[[  4.42669064e-01   1.00000000e+00   2.48730841e-23]]|
177 26409 17485.596593466362 4548885.3184204102 |[[ -1.30366087e-01   1.00000000e+00   3.85096034e-25]]|
178 26542 16674.775727953111 3898488.4484863281 |[[ -5.74599981e-01   1.00000000e+00   2.90733047e-20]]|
179 26673 16069.489905647088 5298464.4499511719 |[[ -3.08078259e-01   1.00000000e+00   1.11540701e-21]]|
180 26807 16907.80532397257 4639775.2270507812 |[[ -1.88238040e-01   1.00000000e+00   1.41572424e-22]]|
181 26940 16668.649174204536 4617744.4243164062 |[[ -3.04751188e-01   1.00000000e+00   1.82181090e-22]]|
182 27073 16933.063995733566 4542146.4851074219 |[[ -2.54037559e-01   1.00000000e+00   1.89379086e-22]]|
183 27210 16422.179799039182 5175767.0795898438 |[[ -5.81192136e-01   1.00000000e+00   9.16071428e-22]]|
184 27343 16748.005752535093 4367661.8850097656 |[[ -5.93203664e-01   1.00000000e+00   2.87499107e-22]]|
185 27477 16715.923219131208 3460905.3756103516 |[[ -2.25594521e-01   1.00000000e+00   7.59136311e-24]]|
186 27609 17112.075463965928 3522429.59765625 |[[ -1.28486499e-01   1.00000000e+00   4.03598949e-24]]|
187 27741 16141.500119194938 3859261.4871826172 |[[ -3.03444535e-01   1.00000000e+00   4.12043034e-24]]|
188 27873 16615.643862820831 3463662.7337646484 |[[ -6.37586951e-01   1.00000000e+00   1.76320746e-23]]|
189 28005 16130.597411118702 4110858.2868652344 |[[ -4.39892143e-01   1.00000000e+00   2.14757473e-23]]|
190 28149 16802.476786931118 4392328.5593261719 |[[ -1.15646966e-01   1.00000000e+00   1.18035986e-26]]|
191 28281 16259.674462983718 5914407.3732910156 |[[ -6.88308477e-01   1.00000000e+00   4.83243687e-24]]|
192 28415 16564.757103634751 4589204.4592285156 |[[ -4.89222348e-01   1.00000000e+00   1.87196141e-24]]|
193 28553 16252.859393378007 5219406.4899902344 |[[ -6.46986961e-01   1.00000000e+00   9.67148955e-26]]|
194 28686 16921.469284673414 4998088.964050293 |[[ -2.34418884e-01   1.00000000e+00   2.84611185e-26]]|
195 28821 15980.867899229288 4589921.7866210938 |[[ -7.20264241e-02   1.00000000e+00   7.43892829e-27]]|
196 28954 16609.70634839889 6259313.626953125 |[[ -7.65350044e-01   1.00000000e+00   1.22211059e-25]]|
197 29086 16511.36442460445 4871504.4450073242 |[[ -2.27667227e-01   1.00000000e+00   3.30154621e-27]]|
198 29227 15827.246063753406 4482570.1274414062 |[[  9.63443935e-01   1.00000000e+00   2.78361482e-30]]|
199 29361 15619.35257022613 4328656.8092041016 |[[ -5.68550885e-01   1.00000000e+00   6.42458336e-27]]|
200 29493 16418.632248494367 4842007.2321777344 |[[  1.18499950e-01   1.00000000e+00   1.06237328e-29]]|
201 29627 15778.4387071131 4445644.3671875 |[[ -4.69719172e-01   1.00000000e+00   1.32400798e-28]]|
202 29727 10947.022001718526 3971477.3112792969 |[[  3.51088494e-01   1.00000000e+00   4.03340997e-36]]|
203 29859 15903.834172910185 6130182.640625 |[[ -6.56514540e-02   1.00000000e+00   4.78953529e-29]]|
204 29995 16168.629703187889 4778346.265625 |[[  9.69719887e-01   1.00000000e+00   2.46665937e-33]]|
205 30127 15839.378117468214 4932964.4248046875 |[[ -1.36605576e-01   1.00000000e+00   6.49658676e-30]]|
206 30262 15487.711197017983 4765564.9653320312 |[[ -6.28447473e-01   1.00000000e+00   1.36376640e-28]]|
207 30298 140.30986887398254 1109484.6229248047 |[[-0.99276727  1.          0.        ]]|
208 30332 474.76769679484033 1249740.28125 |[[-0.99106872  1.          0.        ]]|
209 30366 187.21184887022332 859633.72998046875 |[[ -9.87757206e-01   1.00000000e+00   1.21042914e-38]]|
210 30398 181.78776872508644 1140231.9340820312 |[[-0.96442842  1.          0.        ]]|
211 30428 220.2996115451607 939046.85595703125 |[[-0.98195678  1.          0.        ]]|
212 30457 195.22326153558589 896618.86962890625 |[[-0.95173651  1.          0.        ]]|
213 30484 133.23239436566854 1128566.7590332031 |[[-0.96350306  1.          0.        ]]|
214 30511 111.91187553353086 555895.63427734375 |[[-0.95798355  1.          0.        ]]|
215 30541 48.855576345068947 1775823.095703125 |[[-0.94084853  1.          0.        ]]|
216 30563 170.67516708654173 1227497.2277832031 |[[-0.96176898  1.          0.        ]]|
217 30584 211.24886334416871 921836.21484375 |[[-0.97928178  1.          0.        ]]|
218 30605 197.68849750932901 829494.1923828125 |[[-0.9662413  1.         0.       ]]|
219 30627 171.70412428959995 869062.84204101562 |[[-0.94481653  1.          0.        ]]|
220 30648 203.59803724080479 910521.82543945312 |[[-0.94860083  1.          0.        ]]|
221 30668 182.12876185691121 724654.46044921875 |[[-0.92314899  1.          0.        ]]|
222 30689 189.88931206785423 566405.7578125 |[[-0.97016037  1.          0.        ]]|
223 30714 110.44146501802221 1430175.517578125 |[[-0.96989441  1.          0.        ]]|
224 30745 113.79783427622381 2156357.330078125 |[[-0.9848727  1.         0.       ]]|
225 30776 372.73831791945315 1967942.5395507812 |[[-0.99520653  1.          0.        ]]|
226 30809 348.42585748549811 1306599.6875 |[[-0.99462044  1.          0.        ]]|
227 30853 83.211316582720812 1354832.0493164062 |[[-0.99166226  1.          0.        ]]|
228 30886 407.58156057864579 1116776.6762695312 |[[-0.98874146  1.          0.        ]]|
229 30920 264.4977297348143 1980344.7614746094 |[[-0.99101442  1.          0.        ]]|
230 30952 382.6682395867856 1175476.9313964844 |[[-0.99362403  1.          0.        ]]|
231 31120 11628.336833475418 7570478.2607421875 |[[  5.19925237e-01   1.00000000e+00   1.53956541e-36]]|
232 31219 11054.305476084613 4544456.5727539062 |[[  4.82687980e-01   1.00000000e+00   2.36923096e-35]]|
233 31352 16386.956422951531 6196171.3752441406 |[[  4.90054637e-02   1.00000000e+00   5.66136182e-32]]|
234 31513 16995.272043887289 6543015.0153808594 |[[-0.09316983  1.          0.        ]]|
235 31646 16917.0307966947 6246547.8813476562 |[[ -3.28944445e-01   1.00000000e+00   1.08447169e-30]]|
236 31780 17232.521104543102 6009474.8161621094 |[[ -3.07368010e-01   1.00000000e+00   3.46432855e-31]]|
237 31929 17577.287482082687 7362527.5080566406 |[[ -3.90715569e-01   1.00000000e+00   5.05308818e-36]]|
238 32063 17069.119314115414 5220055.296875 |[[ -3.14129889e-01   1.00000000e+00   1.01567799e-30]]|
239 32196 16033.269900344925 5671035.591796875 |[[ -3.15495074e-01   1.00000000e+00   1.16227935e-30]]|
240 32330 16731.85564077547 6900365.8803710938 |[[ -1.99155122e-01   1.00000000e+00   2.35652622e-31]]|
241 32462 17110.548588873877 4968268.9957275391 |[[  3.12385149e-02   1.00000000e+00   2.25324047e-32]]|
242 32620 16995.334549033374 6926803.4614257812 |[[ 0.125613  1.        0.      ]]|
243 32720 11655.555323225486 5953587.2768554688 |[[ 0.07575575  1.          0.        ]]|
244 32854 16081.386473180528 6006696.0440673828 |[[ -3.46925497e-01   1.00000000e+00   9.99347463e-32]]|
245 32990 15925.72941191664 6153426.1086425781 |[[ -3.03204179e-01   1.00000000e+00   7.92076364e-32]]|
246 33142 17770.616480418881 5217289.1221923828 |[[ 0.58097875  1.          0.        ]]|
247 33242 11319.662891425944 4373661.7361450195 |[[ 0.14419039  1.          0.        ]]|
248 33382 16679.792390361072 6170255.5427246094 |[[ -3.15195441e-01   1.00000000e+00   1.61560957e-32]]|
249 33515 16002.855102996311 8314059.3334960938 |[[  2.11401865e-01   1.00000000e+00   3.06547749e-33]]|
250 33648 16387.892291450338 6597293.8767089844 |[[ -3.26715171e-01   1.00000000e+00   8.92108744e-33]]|
251 33783 16177.220889490342 7365089.5852050781 |[[ -1.62667245e-01   1.00000000e+00   3.86784808e-32]]|
252 33916 16885.467237974426 7065531.826171875 |[[ -2.26071164e-01   1.00000000e+00   2.15022088e-32]]|
253 34049 16011.752645888726 8667682.4467773438 |[[  8.23922455e-01   1.00000000e+00   1.04109795e-37]]|
254 34185 15977.884606918256 6405338.8852539062 |[[ -4.10762936e-01   1.00000000e+00   5.56944338e-33]]|
0 142 15257.56830546518 0 |[[  9.84839536e-03   1.00000000e+00   1.62261376e-32]]|
1 277 16365.48814305105 0 |[[ -3.09471637e-01   1.00000000e+00   8.48335759e-32]]|
0 142 15257.56830546518 0 |[[  9.84839536e-03   1.00000000e+00   1.62261376e-32]]|
1 277 16365.48814305105 0 |[[ -3.09471637e-01   1.00000000e+00   8.48335759e-32]]|
2 412 16365.48814305105 0 |[[ -3.09471637e-01   1.00000000e+00   8.48335759e-32]]|
0 2988 6565.9789748595504 100286.73362844437 |[[-0.4810443   0.67070081  0.29147004]]|
1 3285 72.219981968562891 4358.8179026450962 |[[-0.42840169  0.81244338 -0.04226874]]|
2 3304 -349.04846714097721 62.631079912185669 |[[-0.6935733   0.77379321 -0.05388129]]|
3 3323 -343.90115998613487 594.21391123533249 |[[-0.71677098  0.74327444 -0.06272581]]|
4 3342 -307.12356459858859 315.63318115472794 |[[-0.51387572  0.7650234  -0.085333  ]]|
5 3361 -332.48224686711967 294.65802845358849 |[[-0.51671799  0.74898468 -0.01677859]]|
6 3379 -218.63126081176887 1378.8183741383255 |[[-0.65628034  0.84691055 -0.05662354]]|
7 3397 -251.3994690015638 542.30405497550964 |[[-0.59823888  0.74766432 -0.02791371]]|
8 3415 -260.71577780700045 460.14042976498604 |[[-0.59942702  0.66630207 -0.03469497]]|
9 3435 -304.62293189454874 624.94181704521179 |[[-0.51838467  0.8025101  -0.09554065]]|
10 3454 -227.24246447530717 789.50715780258179 |[[-0.60472667  0.76280918 -0.00446636]]|
11 3473 -230.01151841135834 351.83872377872467 |[[-0.67689999  0.7858291  -0.09019775]]|
12 3492 -269.46904093023153 445.98080745339394 |[[-0.54345306  0.74663966 -0.03917444]]|
13 3511 -327.92666100281406 435.18696862459183 |[[-0.37189956  0.74328975 -0.05769489]]|
14 3529 -270.95574824639834 238.7103396654129 |[[-0.663439    0.6985998  -0.05622958]]|
15 3548 -268.88195977500516 796.94031365215778 |[[-0.57541546  0.68507876 -0.06538654]]|
16 3566 -247.65511568794739 313.1119681596756 |[[-0.40941014  0.79097216 -0.00687611]]|
17 3585 -238.405400493537 3538.7376325130463 |[[-0.46953254  0.73465734 -0.05771205]]|
18 3604 -335.50520559888292 8698.1506671905518 |[[-0.4132252   0.77493914 -0.03122529]]|
19 3623 -257.39967882155526 3959.6538639068604 |[[-0.41410775  0.86188912  0.2682622 ]]|
